Playing Time,Performance,Expected,Progression,Per 90 Minutes,,Rk,Player,Nation,Pos,Squad,Age,Born,MP,Starts,Min,90s,Gls,Ast,G+A,G-PK,PK,PKatt,CrdY,CrdR,xG,npxG,xAG,npxG+xAG,PrgC,PrgP,PrgR,Gls,Ast,G+A,G-PK,G+A-PK,xG,xAG,xG+xAG,npxG,npxG+xAG,Matches
Simon Adingra,ci CIV,FW,Brighton,22-241,2002,2,0,47,0.5,1,1,2,1,0,0,0,0,0.3,0.3,0.5,0.7,2,0,10,1.91,1.91,3.83,1.91,3.83,0.49,0.88,1.37,0.49,1.37,Matches,,,,,,,
Ola Aina,ng NGA,DF,Nott'ham Forest,27-326,1996,2,2,143,1.6,0,0,0,0,0,0,0,0,0.0,0.0,0.0,0.1,5,9,3,0.00,0.00,0.00,0.00,0.00,0.01,0.02,0.04,0.01,0.04,Matches,,,,,,,
Rayan Aït-Nouri,dz ALG,DF,Wolves,23-084,2001,2,2,149,1.7,0,1,1,0,0,0,1,0,0.1,0.1,0.5,0.5,1,9,3,0.00,0.60,0.60,0.00,0.60,0.05,0.27,0.32,0.05,0.32,Matches,,,,,,,
Kristoffer Ajer,no NOR,DF,Brentford,26-134,1998,2,2,180,2.0,0,0,0,0,0,0,0,0,0.3,0.3,0.0,0.3,3,7,3,0.00,0.00,0.00,0.00,0.00,0.14,0.01,0.15,0.14,0.15,Matches,,,,,,,
Manuel Akanji,ch SUI,DF,Manchester City,29-041,1995,2,2,180,2.0,0,0,0,0,0,0,0,0,0.0,0.0,0.1,0.1,2,17,1,0.00,0.00,0.00,0.00,0.00,0.00,0.03,0.03,0.00,0.03,Matches,,,,,,,
Carlos Alcaraz,ar ARG,MF,Southampton,21-273,2002,1,0,10,0.1,0,0,0,0,0,0,0,0,0.1,0.1,0.1,0.2,4,6,1,0.00,0.00,0.00,0.00,0.00,0.62,0.86,1.48,0.62,1.48,Matches,,,,,,,
Trent Alexander-Arnold,eng ENG,DF,Liverpool,25-327,1998,2,2,147,1.6,0,0,0,0,0,0,0,0,0.2,0.2,1.2,1.4,5,13,7,0.00,0.00,0.00,0.00,0.00,0.10,0.75,0.85,0.10,0.85,Matches,,,,,,,
Alisson,br BRA,GK,Liverpool,31-332,1992,2,2,180,2.0,0,0,0,0,0,0,0,0,0.0,0.0,0.0,0.0,0,0,0,0.00,0.00,0.00,0.00,0.00,0.00,0.00,0.00,0.00,0.00,Matches,,,,,,,
Miguel Almirón,py PAR,FW,Newcastle Utd,30-201,1994,1,0,2,0.0,0,0,0,0,0,0,0,0,0.0,0.0,0.0,0.0,0,2,0,0.00,0.00,0.00,0.00,0.00,0.00,0.00,0.00,0.00,0.00,Matches,,,,,,,
Edson Álvarez,mx MEX,MF,West Ham,26-310,1997,1,0,13,0.1,0,0,0,0,0,0,0,0,0.0,0.0,0.0,0.0,0,1,1,0.00,0.00,0.00,0.00,0.00,0.06,0.00,0.06,0.06,0.06,Matches,,,,,,,
Samuel Amo-Ameyaw,eng ENG,DF,Southampton,18-042,2006,1,0,10,0.1,0,0,0,0,0,0,0,0,0.0,0.0,0.1,0.1,0,0,2,0.00,0.00,0.00,0.00,0.00,0.18,0.62,0.80,0.18,0.80,Matches,,,,,,,
Joachim Andersen,dk DEN,DF,Crystal Palace,28-090,1996,1,1,90,1.0,0,0,0,0,0,0,1,0,0.0,0.0,0.0,0.0,1,4,1,0.00,0.00,0.00,0.00,0.00,0.04,0.00,0.04,0.04,0.04,Matches,,,,,,,
Elliot Anderson,sct SCO,"MF,FW",Nott'ham Forest,21-297,2002,2,1,92,1.0,0,0,0,0,0,0,0,0,0.1,0.1,0.0,0.1,4,4,5,0.00,0.00,0.00,0.00,0.00,0.05,0.03,0.08,0.05,0.08,Matches,,,,,,,
Michail Antonio,jm JAM,FW,West Ham,34-154,1990,2,2,133,1.5,0,0,0,0,0,0,0,0,0.7,0.7,0.0,0.7,3,2,7,0.00,0.00,0.00,0.00,0.00,0.48,0.00,0.48,0.48,0.48,Matches,,,,,,,
Antony,br BRA,FW,Manchester Utd,24-187,2000,1,0,1,0.0,0,0,0,0,0,0,0,0,0.0,0.0,0.1,0.1,0,0,0,0.00,0.00,0.00,0.00,0.00,0.00,6.28,6.28,0.00,6.28,Matches,,,,,,,
Julian Araujo,mx MEX,DF,Bournemouth,23-016,2001,2,1,113,1.3,0,0,0,0,0,0,0,0,0.0,0.0,0.0,0.0,0,4,4,0.00,0.00,0.00,0.00,0.00,0.00,0.00,0.00,0.00,0.00,Matches,,,,,,,
Cameron Archer,eng ENG,FW,Southampton,23-039,2001,2,0,39,0.4,0,0,0,0,0,0,0,0,0.2,0.2,0.0,0.2,1,1,4,0.00,0.00,0.00,0.00,0.00,0.45,0.00,0.45,0.45,0.45,Matches,,,,,,,
Alphonse Areola,fr FRA,GK,West Ham,31-184,1993,2,2,180,2.0,0,0,0,0,0,0,0,0,0.0,0.0,0.0,0.0,0,0,0,0.00,0.00,0.00,0.00,0.00,0.00,0.00,0.00,0.00,0.00,Matches,,,,,,,
Joe Aribo,ng NGA,MF,Southampton,28-039,1996,2,2,144,1.6,0,0,0,0,0,0,0,0,0.1,0.1,0.6,0.7,6,5,8,0.00,0.00,0.00,0.00,0.00,0.03,0.40,0.43,0.03,0.43,Matches,,,,,,,
Adam Armstrong,eng ENG,FW,Southampton,27-201,1997,2,2,160,1.8,0,0,0,0,0,0,1,0,0.7,0.7,0.1,0.8,5,5,11,0.00,0.00,0.00,0.00,0.00,0.41,0.06,0.47,0.41,0.47,Matches,,,,,,,
Harrison Armstrong,eng ENG,MF,Everton,17-223,2007,1,0,1,0.0,0,0,0,0,0,0,0,0,0.0,0.0,0.0,0.0,0,0,0,0.00,0.00,0.00,0.00,0.00,0.00,0.00,0.00,0.00,0.00,Matches,,,,,,,
Taiwo Awoniyi,ng NGA,FW,Nott'ham Forest,27-017,1997,2,0,34,0.4,0,0,0,0,0,0,0,0,0.1,0.1,0.0,0.1,1,1,1,0.00,0.00,0.00,0.00,0.00,0.30,0.00,0.30,0.30,0.30,Matches,,,,,,,
Yasin Ayari,se SWE,"FW,MF",Brighton,20-328,2003,2,0,3,0.0,0,0,0,0,0,0,0,0,0.0,0.0,0.0,0.0,0,2,2,0.00,0.00,0.00,0.00,0.00,0.50,0.00,0.50,0.50,0.50,Matches,,,,,,,
Jordan Ayew,gh GHA,"FW,MF",Crystal Palace,32-353,1991,1,0,21,0.2,0,0,0,0,0,0,1,0,0.5,0.5,0.0,0.5,0,0,1,0.00,0.00,0.00,0.00,0.00,1.96,0.21,2.17,1.96,2.17,Matches,,,,,,,
Jordan Ayew,gh GHA,FW,Leicester City,32-353,1991,1,0,28,0.3,0,0,0,0,0,0,0,0,0.1,0.1,0.0,0.1,0,1,1,0.00,0.00,0.00,0.00,0.00,0.29,0.13,0.42,0.29,0.42,Matches,,,,,,,
Leon Bailey,jm JAM,"MF,FW",Aston Villa,27-020,1997,2,2,163,1.8,0,0,0,0,0,0,1,0,0.2,0.2,0.1,0.4,6,5,8,0.00,0.00,0.00,0.00,0.00,0.14,0.06,0.20,0.14,0.20,Matches,,,,,,,
Carlos Baleba,cm CMR,MF,Brighton,20-239,2004,1,0,18,0.2,0,0,0,0,0,0,0,0,0.0,0.0,0.0,0.0,1,0,0,0.00,0.00,0.00,0.00,0.00,0.00,0.00,0.00,0.00,0.00,Matches,,,,,,,
Ross Barkley,eng ENG,MF,Aston Villa,30-268,1993,1,0,15,0.2,0,0,0,0,0,0,0,0,0.0,0.0,0.0,0.0,0,0,0,0.00,0.00,0.00,0.00,0.00,0.14,0.00,0.14,0.14,0.14,Matches,,,,,,,
Harvey Barnes,eng ENG,FW,Newcastle Utd,26-264,1997,2,0,54,0.6,0,1,1,0,0,0,0,0,0.2,0.2,0.8,0.9,3,2,9,0.00,1.67,1.67,0.00,1.67,0.27,1.27,1.53,0.27,1.53,Matches,,,,,,,
Calvin Bassey,ng NGA,DF,Fulham,24-242,1999,2,2,180,2.0,0,0,0,0,0,0,1,0,0.1,0.1,0.0,0.1,1,8,0,0.00,0.00,0.00,0.00,0.00,0.05,0.00,0.05,0.05,0.05,Matches,,,,,,,
Jan Bednarek,pl POL,DF,Southampton,28-139,1996,2,2,170,1.9,0,0,0,0,0,0,1,0,0.0,0.0,0.1,0.1,1,10,1,0.00,0.00,0.00,0.00,0.00,0.00,0.04,0.04,0.00,0.04,Matches,,,,,,,
Jean-Ricner Bellegarde,fr FRA,"FW,MF",Wolves,26-063,1998,2,2,123,1.4,0,0,0,0,0,0,0,0,0.1,0.1,0.0,0.1,3,3,7,0.00,0.00,0.00,0.00,0.00,0.05,0.00,0.05,0.05,0.05,Matches,,,,,,,
Rodrigo Bentancur,uy URU,MF,Tottenham,27-065,1997,1,1,77,0.9,0,0,0,0,0,0,1,0,0.3,0.3,0.0,0.3,2,4,2,0.00,0.00,0.00,0.00,0.00,0.30,0.00,0.30,0.30,0.30,Matches,,,,,,,
Lucas Bergvall,se SWE,MF,Tottenham,18-209,2006,2,0,25,0.3,0,0,0,0,0,0,0,0,0.1,0.1,0.2,0.2,0,2,1,0.00,0.00,0.00,0.00,0.00,0.20,0.69,0.90,0.20,0.90,Matches,,,,,,,
Victor Bernth Kristiansen,dk DEN,"DF,MF",Leicester City,21-257,2002,2,2,174,1.9,0,0,0,0,0,0,1,0,0.0,0.0,0.0,0.0,1,3,8,0.00,0.00,0.00,0.00,0.00,0.00,0.00,0.00,0.00,0.00,Matches,,,,,,,
Beto,gw GNB,FW,Everton,26-211,1998,2,0,34,0.4,0,0,0,0,0,0,0,0,0.0,0.0,0.0,0.0,1,0,0,0.00,0.00,0.00,0.00,0.00,0.00,0.00,0.00,0.00,0.00,Matches,,,,,,,
Philip Billing,dk DEN,MF,Bournemouth,28-079,1996,1,0,7,0.1,0,0,0,0,0,0,0,0,0.0,0.0,0.0,0.0,0,0,1,0.00,0.00,0.00,0.00,0.00,0.00,0.00,0.00,0.00,0.00,Matches,,,,,,,
Yves Bissouma,ml MLI,MF,Tottenham,27-365,1996,1,1,72,0.8,1,0,1,1,0,0,0,0,0.1,0.1,0.0,0.1,1,6,0,1.25,0.00,1.25,1.25,1.25,0.12,0.00,0.12,0.12,0.12,Matches,,,,,,,
Willy Boly,ci CIV,DF,Nott'ham Forest,33-208,1991,2,1,91,1.0,0,0,0,0,0,0,0,0,0.1,0.1,0.0,0.1,0,2,0,0.00,0.00,0.00,0.00,0.00,0.07,0.00,0.07,0.07,0.07,Matches,,,,,,,
Jarrod Bowen,eng ENG,MF,West Ham,27-253,1996,2,2,162,1.8,1,0,1,1,0,0,0,0,0.1,0.1,0.5,0.6,3,4,10,0.56,0.00,0.56,0.56,0.56,0.06,0.25,0.31,0.06,0.31,Matches,,,,,,,
Conor Bradley,nir NIR,DF,Liverpool,21-051,2003,2,0,33,0.4,0,0,0,0,0,0,0,0,0.2,0.2,0.0,0.2,2,2,1,0.00,0.00,0.00,0.00,0.00,0.63,0.00,0.63,0.63,0.63,Matches,,,,,,,
Ben Brereton,cl CHI,FW,Southampton,25-133,1999,2,2,160,1.8,0,0,0,0,0,0,1,0,0.3,0.3,0.1,0.4,4,2,18,0.00,0.00,0.00,0.00,0.00,0.17,0.06,0.23,0.17,0.23,Matches,,,,,,,
Facundo Buonanotte,ar ARG,"MF,FW",Leicester City,19-250,2004,2,2,148,1.6,0,1,1,0,0,0,0,0,0.0,0.0,0.6,0.6,2,6,5,0.00,0.61,0.61,0.00,0.61,0.00,0.37,0.37,0.00,0.37,Matches,,,,,,,
Dan Burn,eng ENG,DF,Newcastle Utd,32-112,1992,2,2,180,2.0,0,0,0,0,0,0,2,0,0.3,0.3,0.0,0.3,0,2,0,0.00,0.00,0.00,0.00,0.00,0.14,0.00,0.14,0.14,0.14,Matches,,,,,,,
Wes Burns,wls WAL,FW,Ipswich Town,29-280,1994,1,1,56,0.6,0,0,0,0,0,0,1,0,0.0,0.0,0.0,0.0,1,0,4,0.00,0.00,0.00,0.00,0.00,0.00,0.00,0.00,0.00,0.00,Matches,,,,,,,
Moisés Caicedo,ec ECU,MF,Chelsea,22-301,2001,2,2,165,1.8,0,0,0,0,0,0,1,0,0.0,0.0,0.0,0.1,1,6,1,0.00,0.00,0.00,0.00,0.00,0.02,0.02,0.03,0.02,0.03,Matches,,,,,,,
Tom Cairney,sct SCO,MF,Fulham,33-222,1991,2,0,49,0.5,0,0,0,0,0,0,2,0,0.0,0.0,0.0,0.0,2,5,1,0.00,0.00,0.00,0.00,0.00,0.00,0.07,0.07,0.00,0.07,Matches,,,,,,,
Riccardo Calafiori,it ITA,DF,Arsenal,22-102,2002,1,0,12,0.1,0,0,0,0,0,0,0,0,0.0,0.0,0.0,0.0,0,0,0,0.00,0.00,0.00,0.00,0.00,0.00,0.00,0.00,0.00,0.00,Matches,,,,,,,
Dominic Calvert-Lewin,eng ENG,FW,Everton,27-166,1997,2,2,146,1.6,0,0,0,0,0,0,0,0,0.1,0.1,0.0,0.1,1,4,6,0.00,0.00,0.00,0.00,0.00,0.03,0.00,0.03,0.03,0.03,Matches,,,,,,,
Fabio Carvalho,pt POR,"MF,FW",Brentford,21-365,2002,2,0,32,0.4,0,0,0,0,0,0,0,0,0.0,0.0,0.0,0.0,2,1,2,0.00,0.00,0.00,0.00,0.00,0.00,0.00,0.00,0.00,0.00,Matches,,,,,,,
Casemiro,br BRA,MF,Manchester Utd,32-188,1992,2,2,180,2.0,0,0,0,0,0,0,0,0,0.3,0.3,1.0,1.3,0,6,2,0.00,0.00,0.00,0.00,0.00,0.13,0.50,0.63,0.13,0.63,Matches,,,,,,,
Matty Cash,pl POL,DF,Aston Villa,27-022,1997,2,2,96,1.1,0,0,0,0,0,0,0,0,0.0,0.0,0.1,0.1,1,4,1,0.00,0.00,0.00,0.00,0.00,0.00,0.10,0.10,0.00,0.10,Matches,,,,,,,
Conor Chaplin,eng ENG,MF,Ipswich Town,27-195,1997,2,1,66,0.7,0,0,0,0,0,0,0,0,0.0,0.0,0.0,0.0,0,2,1,0.00,0.00,0.00,0.00,0.00,0.00,0.00,0.00,0.00,0.00,Matches,,,,,,,
Chiquinho,pt POR,MF,Wolves,24-206,2000,1,0,7,0.1,0,0,0,0,0,0,0,0,0.0,0.0,0.0,0.0,0,0,0,0.00,0.00,0.00,0.00,0.00,0.00,0.42,0.42,0.00,0.42,Matches,,,,,,,
Ryan Christie,sct SCO,MF,Bournemouth,29-189,1995,2,1,91,1.0,0,0,0,0,0,0,1,0,0.0,0.0,0.1,0.1,2,8,4,0.00,0.00,0.00,0.00,0.00,0.00,0.13,0.13,0.00,0.13,Matches,,,,,,,
Nathan Collins,ie IRL,DF,Brentford,23-121,2001,2,2,180,2.0,0,0,0,0,0,0,0,0,0.4,0.4,0.0,0.4,2,4,0,0.00,0.00,0.00,0.00,0.00,0.21,0.00,0.21,0.21,0.21,Matches,,,,,,,
Levi Colwill,eng ENG,DF,Chelsea,21-185,2003,2,2,180,2.0,0,0,0,0,0,0,0,0,0.0,0.0,0.0,0.0,0,3,0,0.00,0.00,0.00,0.00,0.00,0.00,0.00,0.00,0.00,0.00,Matches,,,,,,,
Lewis Cook,eng ENG,MF,Bournemouth,27-208,1997,2,2,173,1.9,0,0,0,0,0,0,1,0,0.0,0.0,0.3,0.3,3,10,1,0.00,0.00,0.00,0.00,0.00,0.00,0.18,0.18,0.00,0.18,Matches,,,,,,,
Vladimír Coufal,cz CZE,DF,West Ham,32-007,1992,2,2,146,1.6,0,0,0,0,0,0,0,0,0.0,0.0,0.1,0.1,1,4,4,0.00,0.00,0.00,0.00,0.00,0.01,0.07,0.08,0.01,0.08,Matches,,,,,,,
Aaron Cresswell,eng ENG,DF,West Ham,34-258,1989,1,0,2,0.0,0,0,0,0,0,0,0,0,0.0,0.0,0.0,0.0,0,0,0,0.00,0.00,0.00,0.00,0.00,0.00,0.00,0.00,0.00,0.00,Matches,,,,,,,
Marc Cucurella,es ESP,DF,Chelsea,26-038,1998,2,2,161,1.8,0,0,0,0,0,0,1,0,0.0,0.0,0.0,0.0,3,6,1,0.00,0.00,0.00,0.00,0.00,0.00,0.00,0.00,0.00,0.00,Matches,,,,,,,
Matheus Cunha,br BRA,"MF,FW",Wolves,25-094,1999,2,1,101,1.1,1,0,1,1,0,0,0,0,1.0,1.0,0.3,1.3,5,1,7,0.89,0.00,0.89,0.89,0.89,0.88,0.31,1.18,0.88,1.18,Matches,,,,,,,
Diogo Dalot,pt POR,DF,Manchester Utd,25-164,1999,2,2,180,2.0,0,0,0,0,0,0,0,0,0.0,0.0,0.2,0.3,2,7,12,0.00,0.00,0.00,0.00,0.00,0.01,0.12,0.14,0.01,0.14,Matches,,,,,,,
Mikkel Damsgaard,dk DEN,MF,Brentford,24-057,2000,2,0,42,0.5,0,0,0,0,0,0,0,0,0.0,0.0,0.0,0.0,1,3,1,0.00,0.00,0.00,0.00,0.00,0.00,0.00,0.00,0.00,0.00,Matches,,,,,,,
Danilo,br BRA,MF,Nott'ham Forest,23-122,2001,1,1,14,0.2,0,0,0,0,0,0,0,0,0.0,0.0,0.0,0.0,0,0,0,0.00,0.00,0.00,0.00,0.00,0.00,0.00,0.00,0.00,0.00,Matches,,,,,,,
Leif Davis,eng ENG,DF,Ipswich Town,24-230,2000,2,2,180,2.0,0,0,0,0,0,0,0,0,0.0,0.0,0.0,0.0,5,4,5,0.00,0.00,0.00,0.00,0.00,0.00,0.00,0.00,0.00,0.00,Matches,,,,,,,
Craig Dawson,eng ENG,DF,Wolves,34-115,1990,2,0,31,0.3,0,0,0,0,0,0,0,0,0.0,0.0,0.0,0.0,0,0,0,0.00,0.00,0.00,0.00,0.00,0.00,0.00,0.00,0.00,0.00,Matches,,,,,,,
Kevin De Bruyne,be BEL,MF,Manchester City,33-062,1991,2,2,179,2.0,1,1,2,1,0,0,0,0,0.9,0.9,0.7,1.6,8,21,8,0.50,0.50,1.01,0.50,1.01,0.44,0.37,0.82,0.44,0.82,Matches,,,,,,,
Liam Delap,eng ENG,FW,Ipswich Town,21-203,2003,2,2,155,1.7,0,0,0,0,0,0,0,0,0.0,0.0,0.2,0.2,3,1,3,0.00,0.00,0.00,0.00,0.00,0.00,0.13,0.13,0.00,0.13,Matches,,,,,,,
Kiernan Dewsbury-Hall,eng ENG,MF,Chelsea,25-358,1998,2,0,39,0.4,0,0,0,0,0,0,0,0,0.0,0.0,0.0,0.0,2,1,0,0.00,0.00,0.00,0.00,0.00,0.00,0.00,0.00,0.00,0.00,Matches,,,,,,,
Amad Diallo,ci CIV,FW,Manchester Utd,22-049,2002,2,2,149,1.7,1,0,1,1,0,0,1,0,0.3,0.3,0.1,0.4,7,5,18,0.60,0.00,0.60,0.60,0.60,0.20,0.07,0.27,0.20,0.27,Matches,,,,,,,
Rúben Dias,pt POR,DF,Manchester City,27-107,1997,2,2,180,2.0,0,0,0,0,0,0,1,0,0.0,0.0,0.0,0.0,1,5,1,0.00,0.00,0.00,0.00,0.00,0.00,0.00,0.00,0.00,0.00,Matches,,,,,,,
Luis Díaz,co COL,FW,Liverpool,27-229,1997,2,2,161,1.8,1,1,2,1,0,0,0,0,1.2,1.2,1.0,2.2,12,6,18,0.56,0.56,1.12,0.56,1.12,0.66,0.55,1.21,0.66,1.21,Matches,,,,,,,
Tyler Dibling,eng ENG,MF,Southampton,18-170,2006,2,0,28,0.3,0,0,0,0,0,0,0,0,0.0,0.0,0.0,0.0,3,1,4,0.00,0.00,0.00,0.00,0.00,0.00,0.07,0.07,0.00,0.07,Matches,,,,,,,
Lucas Digne,fr FRA,DF,Aston Villa,31-040,1993,2,2,148,1.6,0,0,0,0,0,0,0,0,0.0,0.0,0.2,0.2,0,1,6,0.00,0.00,0.00,0.00,0.00,0.00,0.14,0.14,0.00,0.14,Matches,,,,,,,
Issa Diop,fr FRA,DF,Fulham,27-233,1997,2,2,180,2.0,0,0,0,0,0,0,0,0,0.0,0.0,0.0,0.0,0,5,1,0.00,0.00,0.00,0.00,0.00,0.00,0.00,0.00,0.00,0.00,Matches,,,,,,,
Roman Dixon,,DF,Everton,19-247,2004,1,1,90,1.0,0,0,0,0,0,0,0,0,0.0,0.0,0.0,0.0,0,0,1,0.00,0.00,0.00,0.00,0.00,0.00,0.00,0.00,0.00,0.00,Matches,,,,,,,
Matt Doherty,ie IRL,DF,Wolves,32-226,1992,2,2,180,2.0,0,0,0,0,0,0,0,0,0.1,0.1,0.1,0.2,1,4,7,0.00,0.00,0.00,0.00,0.00,0.04,0.07,0.11,0.04,0.11,Matches,,,,,,,
Jeremy Doku,be BEL,FW,Manchester City,22-094,2002,2,2,160,1.8,0,0,0,0,0,0,0,0,0.1,0.1,0.9,1.0,22,6,26,0.00,0.00,0.00,0.00,0.00,0.07,0.50,0.58,0.07,0.58,Matches,,,,,,,
Nicolás Domínguez,ar ARG,"FW,MF",Nott'ham Forest,26-062,1998,2,0,53,0.6,0,0,0,0,0,0,1,0,0.1,0.1,0.0,0.1,0,3,2,0.00,0.00,0.00,0.00,0.00,0.21,0.02,0.22,0.21,0.22,Matches,,,,,,,
Abdoulaye Doucouré,ml MLI,MF,Everton,31-241,1993,2,2,118,1.3,0,0,0,0,0,0,0,0,0.2,0.2,0.0,0.2,3,0,6,0.00,0.00,0.00,0.00,0.00,0.16,0.00,0.16,0.16,0.16,Matches,,,,,,,
Cheick Doucouré,ml MLI,MF,Crystal Palace,24-234,2000,1,0,7,0.1,0,0,0,0,0,0,0,0,0.0,0.0,0.0,0.0,0,1,0,0.00,0.00,0.00,0.00,0.00,0.00,0.00,0.00,0.00,0.00,Matches,,,,,,,
Flynn Downes,eng ENG,MF,Southampton,25-222,1999,2,2,180,2.0,0,0,0,0,0,0,1,0,0.1,0.1,0.2,0.3,4,12,4,0.00,0.00,0.00,0.00,0.00,0.06,0.09,0.15,0.06,0.15,Matches,,,,,,,
Tommy Doyle,eng ENG,MF,Wolves,22-317,2001,1,0,1,0.0,0,0,0,0,0,0,0,0,0.0,0.0,0.0,0.0,1,2,0,0.00,0.00,0.00,0.00,0.00,0.00,1.19,1.19,0.00,1.19,Matches,,,,,,,
Lewis Dunk,eng ENG,DF,Brighton,32-282,1991,2,2,165,1.8,0,0,0,0,0,0,0,0,0.1,0.1,0.0,0.1,1,6,0,0.00,0.00,0.00,0.00,0.00,0.04,0.02,0.05,0.04,0.05,Matches,,,,,,,
Jhon Durán,co COL,FW,Aston Villa,20-260,2003,2,0,55,0.6,1,0,1,1,0,0,0,0,0.5,0.5,0.0,0.5,0,1,5,1.64,0.00,1.64,1.64,1.64,0.78,0.00,0.78,0.78,0.78,Matches,,,,,,,
Ederson,br BRA,GK,Manchester City,31-012,1993,2,2,180,2.0,0,0,0,0,0,0,0,0,0.0,0.0,0.0,0.0,0,0,0,0.00,0.00,0.00,0.00,0.00,0.00,0.00,0.00,0.00,0.00,Matches,,,,,,,
George Edmundson,eng ENG,DF,Ipswich Town,26-364,1997,1,0,2,0.0,0,0,0,0,0,0,0,0,0.0,0.0,0.0,0.0,0,0,0,0.00,0.00,0.00,0.00,0.00,0.00,0.00,0.00,0.00,0.00,Matches,,,,,,,
Odsonne Édouard,fr FRA,"MF,FW",Crystal Palace,26-226,1998,2,1,115,1.3,0,0,0,0,0,0,0,0,0.4,0.4,0.0,0.4,2,4,7,0.00,0.00,0.00,0.00,0.00,0.31,0.04,0.34,0.31,0.34,Matches,,,,,,,
Samuel Edozie,eng ENG,"DF,FW",Southampton,21-214,2003,2,0,65,0.7,0,0,0,0,0,0,1,0,0.0,0.0,0.1,0.1,6,4,23,0.00,0.00,0.00,0.00,0.00,0.00,0.14,0.14,0.00,0.14,Matches,,,,,,,
Anthony Elanga,se SWE,FW,Nott'ham Forest,22-124,2002,2,2,143,1.6,0,0,0,0,0,0,0,0,0.2,0.2,0.4,0.6,3,5,8,0.00,0.00,0.00,0.00,0.00,0.15,0.25,0.40,0.15,0.40,Matches,,,,,,,
Harvey Elliott,eng ENG,FW,Liverpool,21-147,2003,1,0,8,0.1,0,0,0,0,0,0,0,0,0.0,0.0,0.0,0.0,1,0,3,0.00,0.00,0.00,0.00,0.00,0.00,0.00,0.00,0.00,0.00,Matches,,,,,,,
Julio Enciso,py PAR,MF,Brighton,20-219,2004,1,0,12,0.1,0,0,0,0,0,0,0,0,0.0,0.0,0.0,0.0,0,0,2,0.00,0.00,0.00,0.00,0.00,0.23,0.00,0.23,0.23,0.23,Matches,,,,,,,
Wataru Endo,jp JPN,MF,Liverpool,31-202,1993,1,0,1,0.0,0,0,0,0,0,0,0,0,0.0,0.0,0.0,0.0,0,0,0,0.00,0.00,0.00,0.00,0.00,0.00,0.00,0.00,0.00,0.00,Matches,,,,,,,
Evanilson,br BRA,FW,Bournemouth,24-328,1999,1,1,71,0.8,0,0,0,0,0,0,0,0,0.8,0.8,0.0,0.8,1,1,2,0.00,0.00,0.00,0.00,0.00,1.03,0.00,1.03,1.03,1.03,Matches,,,,,,,
Jonny Evans,nir NIR,DF,Manchester Utd,36-239,1988,1,0,10,0.1,0,0,0,0,0,0,0,0,0.0,0.0,0.0,0.0,0,0,0,0.00,0.00,0.00,0.00,0.00,0.00,0.00,0.00,0.00,0.00,Matches,,,,,,,
Eberechi Eze,eng ENG,MF,Crystal Palace,26-061,1998,2,2,180,2.0,0,0,0,0,0,0,0,0,0.9,0.9,0.3,1.1,13,10,17,0.00,0.00,0.00,0.00,0.00,0.43,0.13,0.56,0.43,0.56,Matches,,,,,,,
Wout Faes,be BEL,DF,Leicester City,26-148,1998,2,2,180,2.0,1,0,1,1,0,0,1,0,0.3,0.3,0.0,0.3,0,1,0,0.50,0.00,0.50,0.50,0.50,0.17,0.00,0.17,0.17,0.17,Matches,,,,,,,
Abdul Fatawu Issahaku,gh GHA,"FW,MF",Leicester City,20-174,2004,2,2,180,2.0,0,1,1,0,0,0,0,0,0.1,0.1,0.5,0.5,8,4,10,0.00,0.50,0.50,0.00,0.50,0.03,0.23,0.26,0.03,0.26,Matches,,,,,,,
João Félix,pt POR,"MF,FW",Chelsea,24-293,1999,1,0,23,0.3,1,0,1,1,0,0,0,0,0.3,0.3,0.0,0.3,3,1,1,3.91,0.00,3.91,3.91,3.91,1.03,0.00,1.03,1.03,1.03,Matches,,,,,,,
Bruno Fernandes,pt POR,"FW,MF",Manchester Utd,29-356,1994,2,2,168,1.9,0,0,0,0,0,0,0,0,1.3,1.3,0.8,2.1,8,12,11,0.00,0.00,0.00,0.00,0.00,0.68,0.45,1.12,0.68,1.12,Matches,,,,,,,
Mateus Fernandes,pt POR,"MF,DF",Southampton,20-050,2004,1,0,15,0.2,0,0,0,0,0,0,0,0,0.0,0.0,0.0,0.0,0,2,3,0.00,0.00,0.00,0.00,0.00,0.00,0.00,0.00,0.00,0.00,Matches,,,,,,,
Enzo Fernández,ar ARG,MF,Chelsea,23-225,2001,2,2,180,2.0,0,0,0,0,0,0,0,0,0.2,0.2,0.1,0.3,2,8,7,0.00,0.00,0.00,0.00,0.00,0.11,0.06,0.17,0.11,0.17,Matches,,,,,,,
Mark Flekken,nl NED,GK,Brentford,31-077,1993,2,2,180,2.0,0,0,0,0,0,0,0,0,0.0,0.0,0.0,0.0,0,0,0,0.00,0.00,0.00,0.00,0.00,0.00,0.00,0.00,0.00,0.00,Matches,,,,,,,
Phil Foden,eng ENG,FW,Manchester City,24-093,2000,1,0,45,0.5,0,0,0,0,0,0,0,0,0.0,0.0,0.0,0.0,2,1,2,0.00,0.00,0.00,0.00,0.00,0.00,0.00,0.00,0.00,0.00,Matches,,,,,,,
Wesley Fofana,fr FRA,DF,Chelsea,23-256,2000,2,2,180,2.0,0,0,0,0,0,0,0,0,0.0,0.0,0.0,0.0,2,3,0,0.00,0.00,0.00,0.00,0.00,0.02,0.00,0.02,0.02,0.02,Matches,,,,,,,
Niclas Füllkrug,de GER,FW,West Ham,31-202,1993,2,0,46,0.5,0,0,0,0,0,0,0,0,0.3,0.3,0.0,0.3,2,0,2,0.00,0.00,0.00,0.00,0.00,0.50,0.00,0.50,0.50,0.50,Matches,,,,,,,
Cody Gakpo,nl NED,FW,Liverpool,25-114,1999,2,0,31,0.3,0,0,0,0,0,0,1,0,0.0,0.0,0.0,0.0,1,1,8,0.00,0.00,0.00,0.00,0.00,0.08,0.00,0.08,0.08,0.08,Matches,,,,,,,
Idrissa Gana Gueye,sn SEN,MF,Everton,34-338,1989,2,2,179,2.0,0,0,0,0,0,0,0,0,0.0,0.0,0.0,0.0,2,8,3,0.00,0.00,0.00,0.00,0.00,0.01,0.00,0.01,0.01,0.01,Matches,,,,,,,
Alejandro Garnacho,ar ARG,FW,Manchester Utd,20-059,2004,2,0,56,0.6,0,1,1,0,0,0,0,0,1.4,1.4,0.2,1.6,5,2,8,0.00,1.61,1.61,0.00,1.61,2.24,0.36,2.60,2.24,2.60,Matches,,,,,,,
Morgan Gibbs-White,eng ENG,MF,Nott'ham Forest,24-215,2000,2,2,179,2.0,1,0,1,1,0,0,0,0,0.5,0.5,0.3,0.8,5,12,10,0.50,0.00,0.50,0.50,0.50,0.27,0.15,0.42,0.27,0.42,Matches,,,,,,,
Billy Gilmour,sct SCO,MF,Brighton,23-079,2001,2,1,98,1.1,0,0,0,0,0,0,0,0,0.1,0.1,0.0,0.1,2,11,2,0.00,0.00,0.00,0.00,0.00,0.07,0.00,0.07,0.07,0.07,Matches,,,,,,,
João Gomes,br BRA,MF,Wolves,23-199,2001,2,2,173,1.9,0,0,0,0,0,0,1,0,0.0,0.0,0.0,0.0,3,11,0,0.00,0.00,0.00,0.00,0.00,0.01,0.00,0.01,0.01,0.01,Matches,,,,,,,
Rodrigo Gomes,pt POR,"FW,MF",Wolves,21-053,2003,2,1,97,1.1,0,0,0,0,0,0,0,0,0.1,0.1,0.0,0.1,6,1,12,0.00,0.00,0.00,0.00,0.00,0.06,0.00,0.06,0.06,0.06,Matches,,,,,,,
Toti Gomes,pt POR,DF,Wolves,25-226,1999,2,2,180,2.0,0,1,1,0,0,0,1,0,0.0,0.0,0.5,0.5,2,1,1,0.00,0.50,0.50,0.00,0.50,0.00,0.25,0.25,0.00,0.25,Matches,,,,,,,
Anthony Gordon,eng ENG,FW,Newcastle Utd,23-187,2001,2,2,157,1.7,1,0,1,1,0,0,0,0,0.5,0.5,0.4,0.9,6,3,14,0.57,0.00,0.57,0.57,0.57,0.27,0.23,0.50,0.27,0.50,Matches,,,,,,,
Ryan Gravenberch,nl NED,MF,Liverpool,22-105,2002,2,2,179,2.0,0,0,0,0,0,0,1,0,0.0,0.0,0.0,0.0,3,11,2,0.00,0.00,0.00,0.00,0.00,0.00,0.00,0.00,0.00,0.00,Matches,,,,,,,
Archie Gray,eng ENG,MF,Tottenham,18-170,2006,2,0,31,0.3,0,0,0,0,0,0,0,0,0.0,0.0,0.0,0.0,0,2,1,0.00,0.00,0.00,0.00,0.00,0.00,0.00,0.00,0.00,0.00,Matches,,,,,,,
Jack Grealish,eng ENG,FW,Manchester City,28-354,1995,1,0,20,0.2,0,0,0,0,0,0,1,0,0.1,0.1,0.0,0.1,1,0,2,0.00,0.00,0.00,0.00,0.00,0.47,0.00,0.47,0.47,0.47,Matches,,,,,,,
Jacob Greaves,eng ENG,DF,Ipswich Town,23-352,2000,2,2,180,2.0,0,0,0,0,0,0,0,0,0.1,0.1,0.0,0.1,0,2,1,0.00,0.00,0.00,0.00,0.00,0.05,0.00,0.05,0.05,0.05,Matches,,,,,,,
Marc Guéhi,eng ENG,DF,Crystal Palace,24-047,2000,2,2,180,2.0,0,0,0,0,0,0,1,0,0.0,0.0,0.0,0.0,0,6,0,0.00,0.00,0.00,0.00,0.00,0.00,0.00,0.00,0.00,0.00,Matches,,,,,,,
Bruno Guimarães,br BRA,MF,Newcastle Utd,26-287,1997,2,2,180,2.0,0,0,0,0,0,0,0,0,0.1,0.1,0.1,0.2,4,17,2,0.00,0.00,0.00,0.00,0.00,0.04,0.06,0.10,0.04,0.10,Matches,,,,,,,
Marc Guiu,es ESP,FW,Chelsea,18-238,2006,1,0,24,0.3,0,0,0,0,0,0,0,0,0.0,0.0,0.0,0.0,0,0,0,0.00,0.00,0.00,0.00,0.00,0.00,0.00,0.00,0.00,0.00,Matches,,,,,,,
İlkay Gündoğan,de GER,MF,Manchester City,33-310,1990,1,0,20,0.2,0,0,0,0,0,0,0,0,0.0,0.0,0.0,0.0,1,1,0,0.00,0.00,0.00,0.00,0.00,0.00,0.00,0.00,0.00,0.00,Matches,,,,,,,
Malo Gusto,fr FRA,DF,Chelsea,21-102,2003,2,2,180,2.0,0,0,0,0,0,0,1,0,0.0,0.0,0.1,0.1,4,3,7,0.00,0.00,0.00,0.00,0.00,0.00,0.05,0.05,0.00,0.05,Matches,,,,,,,
Joško Gvardiol,hr CRO,DF,Manchester City,22-219,2002,2,2,180,2.0,0,0,0,0,0,0,0,0,0.0,0.0,0.0,0.0,6,15,2,0.00,0.00,0.00,0.00,0.00,0.02,0.00,0.02,0.02,0.02,Matches,,,,,,,
Erling Haaland,no NOR,FW,Manchester City,24-039,2000,2,2,179,2.0,4,0,4,3,1,1,1,0,2.1,1.3,0.0,1.3,2,2,4,2.01,0.00,2.01,1.51,1.51,1.04,0.00,1.04,0.64,0.64,Matches,,,,,,,
Lewis Hall,eng ENG,DF,Newcastle Utd,19-356,2004,2,1,91,1.0,0,0,0,0,0,0,1,0,0.0,0.0,0.2,0.2,2,5,1,0.00,0.00,0.00,0.00,0.00,0.00,0.16,0.16,0.00,0.16,Matches,,,,,,,
Ali Al Hamadi,iq IRQ,FW,Ipswich Town,22-181,2002,2,0,25,0.3,0,0,0,0,0,0,1,0,0.0,0.0,0.0,0.0,0,0,0,0.00,0.00,0.00,0.00,0.00,0.00,0.00,0.00,0.00,0.00,Matches,,,,,,,
Marcus Harness,eng ENG,MF,Ipswich Town,28-187,1996,2,0,45,0.5,0,0,0,0,0,0,0,0,0.0,0.0,0.0,0.0,0,2,1,0.00,0.00,0.00,0.00,0.00,0.00,0.00,0.00,0.00,0.00,Matches,,,,,,,
Jack Harrison,eng ENG,FW,Everton,27-283,1996,2,2,140,1.6,0,0,0,0,0,0,0,0,0.7,0.7,0.1,0.8,5,3,11,0.00,0.00,0.00,0.00,0.00,0.44,0.09,0.53,0.44,0.53,Matches,,,,,,,
Taylor Harwood-Bellis,eng ENG,DF,Southampton,22-212,2002,2,2,165,1.8,0,0,0,0,0,0,1,0,0.0,0.0,0.0,0.0,2,10,1,0.00,0.00,0.00,0.00,0.00,0.00,0.01,0.01,0.00,0.01,Matches,,,,,,,
Kai Havertz,de GER,FW,Arsenal,25-079,1999,2,2,180,2.0,1,1,2,1,0,0,0,0,0.7,0.7,0.1,0.7,4,7,16,0.50,0.50,1.00,0.50,1.00,0.33,0.03,0.36,0.33,0.36,Matches,,,,,,,
Jan Paul van Hecke,nl NED,DF,Brighton,24-082,2000,2,2,180,2.0,0,0,0,0,0,0,1,0,0.0,0.0,0.0,0.0,0,10,0,0.00,0.00,0.00,0.00,0.00,0.00,0.00,0.00,0.00,0.00,Matches,,,,,,,
Hwang Hee-chan,kr KOR,"FW,MF",Wolves,28-216,1996,2,2,148,1.6,0,0,0,0,0,0,0,0,0.0,0.0,0.1,0.1,3,3,4,0.00,0.00,0.00,0.00,0.00,0.00,0.05,0.05,0.00,0.05,Matches,,,,,,,
Dean Henderson,eng ENG,GK,Crystal Palace,27-170,1997,2,2,180,2.0,0,0,0,0,0,0,0,0,0.0,0.0,0.0,0.0,0,0,0,0.00,0.00,0.00,0.00,0.00,0.00,0.00,0.00,0.00,0.00,Matches,,,,,,,
Mads Hermansen,dk DEN,GK,Leicester City,24-049,2000,2,2,180,2.0,0,0,0,0,0,0,0,0,0.0,0.0,0.0,0.0,0,0,0,0.00,0.00,0.00,0.00,0.00,0.00,0.00,0.00,0.00,0.00,Matches,,,,,,,
Son Heung-min,kr KOR,FW,Tottenham,32-052,1992,2,2,179,2.0,2,0,2,2,0,0,0,0,1.2,1.2,0.4,1.6,6,9,32,1.01,0.00,1.01,1.01,1.01,0.59,0.19,0.78,0.59,0.78,Matches,,,,,,,
Jack Hinshelwood,eng ENG,DF,Brighton,19-140,2005,2,2,180,2.0,0,0,0,0,0,0,0,0,0.0,0.0,0.0,0.0,2,9,10,0.00,0.00,0.00,0.00,0.00,0.00,0.02,0.02,0.00,0.02,Matches,,,,,,,
Mason Holgate,eng ENG,"FW,DF",Everton,27-312,1996,1,0,6,0.1,0,0,0,0,0,0,0,0,0.0,0.0,0.0,0.0,0,0,0,0.00,0.00,0.00,0.00,0.00,0.00,0.00,0.00,0.00,0.00,Matches,,,,,,,
Callum Hudson-Odoi,eng ENG,FW,Nott'ham Forest,23-296,2000,2,2,161,1.8,0,0,0,0,0,0,0,0,0.1,0.1,0.5,0.6,13,8,18,0.00,0.00,0.00,0.00,0.00,0.06,0.28,0.33,0.06,0.33,Matches,,,,,,,
Will Hughes,eng ENG,MF,Crystal Palace,29-134,1995,1,1,83,0.9,0,0,0,0,0,0,0,0,0.0,0.0,0.0,0.0,1,4,2,0.00,0.00,0.00,0.00,0.00,0.00,0.02,0.02,0.00,0.02,Matches,,,,,,,
Dean Huijsen,es ESP,DF,Bournemouth,19-137,2005,1,1,90,1.0,0,0,0,0,0,0,0,0,0.0,0.0,0.0,0.0,0,4,0,0.00,0.00,0.00,0.00,0.00,0.00,0.00,0.00,0.00,0.00,Matches,,,,,,,
Omari Hutchinson,eng ENG,"FW,MF",Ipswich Town,20-304,2003,2,2,178,2.0,0,0,0,0,0,0,1,0,0.3,0.3,0.0,0.3,8,1,4,0.00,0.00,0.00,0.00,0.00,0.14,0.00,0.14,0.14,0.14,Matches,,,,,,,
Danny Ings,eng ENG,FW,West Ham,32-037,1992,1,0,6,0.1,0,0,0,0,0,0,0,0,0.3,0.3,0.0,0.3,0,0,1,0.00,0.00,0.00,0.00,0.00,3.77,0.00,3.77,3.77,3.77,Matches,,,,,,,
Tim Iroegbunam,eng ENG,MF,Everton,21-060,2003,2,2,180,2.0,0,0,0,0,0,0,0,0,0.1,0.1,0.0,0.1,1,4,4,0.00,0.00,0.00,0.00,0.00,0.07,0.00,0.07,0.07,0.07,Matches,,,,,,,
Alexander Isak,se SWE,FW,Newcastle Utd,24-343,1999,2,2,180,2.0,0,1,1,0,0,0,0,0,0.3,0.3,0.3,0.6,5,2,14,0.00,0.50,0.50,0.00,0.50,0.16,0.17,0.32,0.16,0.32,Matches,,,,,,,
Alex Iwobi,ng NGA,FW,Fulham,28-118,1996,2,2,180,2.0,1,0,1,1,0,0,0,0,0.3,0.3,0.0,0.3,8,10,17,0.50,0.00,0.50,0.50,0.50,0.13,0.01,0.14,0.13,0.14,Matches,,,,,,,
Nicolas Jackson,sn SEN,FW,Chelsea,23-070,2001,2,2,133,1.5,1,1,2,1,0,0,0,0,0.6,0.6,0.3,1.0,0,4,7,0.68,0.68,1.35,0.68,1.35,0.43,0.24,0.67,0.43,0.67,Matches,,,,,,,
Vitaly Janelt,de GER,MF,Brentford,26-111,1998,2,2,145,1.6,0,0,0,0,0,0,0,0,0.1,0.1,0.0,0.1,1,8,1,0.00,0.00,0.00,0.00,0.00,0.04,0.01,0.05,0.04,0.05,Matches,,,,,,,
Daniel Jebbison,eng ENG,FW,Bournemouth,21-016,2003,2,0,28,0.3,0,0,0,0,0,0,0,0,0.0,0.0,0.0,0.0,1,0,1,0.00,0.00,0.00,0.00,0.00,0.00,0.07,0.07,0.00,0.07,Matches,,,,,,,
Mathias Jensen,dk DEN,MF,Brentford,28-241,1996,2,2,148,1.6,0,0,0,0,0,0,1,0,0.0,0.0,0.3,0.3,1,6,7,0.00,0.00,0.00,0.00,0.00,0.02,0.15,0.17,0.02,0.17,Matches,,,,,,,
Gabriel Jesus,br BRA,FW,Arsenal,27-148,1997,1,0,6,0.1,0,0,0,0,0,0,1,0,0.0,0.0,0.0,0.0,1,0,0,0.00,0.00,0.00,0.00,0.00,0.00,0.00,0.00,0.00,0.00,Matches,,,,,,,
Raúl Jiménez,mx MEX,FW,Fulham,33-116,1991,2,0,24,0.3,0,0,0,0,0,0,0,0,0.0,0.0,0.0,0.0,1,1,2,0.00,0.00,0.00,0.00,0.00,0.00,0.00,0.00,0.00,0.00,Matches,,,,,,,
João Pedro,br BRA,"MF,FW",Brighton,22-338,2001,2,2,171,1.9,1,0,1,1,0,0,0,0,0.6,0.6,0.2,0.8,6,8,6,0.53,0.00,0.53,0.53,0.53,0.29,0.11,0.40,0.29,0.40,Matches,,,,,,,
Joelinton,br BRA,MF,Newcastle Utd,28-015,1996,2,2,180,2.0,1,0,1,1,0,0,1,0,0.5,0.5,0.0,0.6,2,7,4,0.50,0.00,0.50,0.50,0.50,0.26,0.01,0.28,0.26,0.28,Matches,,,,,,,
Ben Johnson,eng ENG,"DF,FW",Ipswich Town,24-218,2000,2,1,124,1.4,0,1,1,0,0,0,0,0,0.0,0.0,0.3,0.3,1,2,3,0.00,0.73,0.73,0.00,0.73,0.00,0.21,0.21,0.00,0.21,Matches,,,,,,,
Brennan Johnson,wls WAL,FW,Tottenham,23-098,2001,2,2,167,1.9,0,0,0,0,0,0,0,0,0.3,0.3,0.2,0.5,6,2,21,0.00,0.00,0.00,0.00,0.00,0.14,0.10,0.24,0.14,0.24,Matches,,,,,,,
Diogo Jota,pt POR,FW,Liverpool,27-269,1996,2,2,149,1.7,1,1,2,1,0,0,0,0,1.6,1.6,0.7,2.2,4,3,13,0.60,0.60,1.21,0.60,1.21,0.94,0.41,1.35,0.94,1.35,Matches,,,,,,,
James Justin,eng ENG,DF,Leicester City,26-188,1998,2,2,180,2.0,0,0,0,0,0,0,0,0,0.1,0.1,0.0,0.1,2,1,0,0.00,0.00,0.00,0.00,0.00,0.04,0.00,0.04,0.04,0.04,Matches,,,,,,,
Daichi Kamada,jp JPN,MF,Crystal Palace,28-024,1996,2,1,97,1.1,0,0,0,0,0,0,1,0,0.0,0.0,0.1,0.1,3,9,5,0.00,0.00,0.00,0.00,0.00,0.00,0.10,0.10,0.00,0.10,Matches,,,,,,,
Michael Keane,eng ENG,DF,Everton,31-231,1993,2,2,180,2.0,0,0,0,0,0,0,0,0,0.0,0.0,0.1,0.1,0,7,0,0.00,0.00,0.00,0.00,0.00,0.00,0.03,0.04,0.00,0.04,Matches,,,,,,,
Lloyd Kelly,eng ENG,DF,Newcastle Utd,25-328,1998,2,1,89,1.0,0,0,0,0,0,0,0,0,0.0,0.0,0.0,0.0,0,2,1,0.00,0.00,0.00,0.00,0.00,0.00,0.00,0.00,0.00,0.00,Matches,,,,,,,
Milos Kerkez,hu HUN,DF,Bournemouth,20-296,2003,2,2,180,2.0,0,0,0,0,0,0,1,0,0.0,0.0,0.0,0.0,4,11,6,0.00,0.00,0.00,0.00,0.00,0.00,0.01,0.01,0.00,0.01,Matches,,,,,,,
Max Kilman,eng ENG,DF,West Ham,27-098,1997,2,2,180,2.0,0,1,1,0,0,0,0,0,0.1,0.1,0.2,0.2,3,10,0,0.00,0.50,0.50,0.00,0.50,0.03,0.08,0.11,0.03,0.11,Matches,,,,,,,
Justin Kluivert,nl NED,"MF,FW",Bournemouth,25-116,1999,2,1,98,1.1,0,0,0,0,0,0,1,0,0.0,0.0,0.1,0.2,3,7,13,0.00,0.00,0.00,0.00,0.00,0.03,0.13,0.16,0.03,0.16,Matches,,,,,,,
Ibrahima Konaté,fr FRA,DF,Liverpool,25-096,1999,2,1,135,1.5,0,0,0,0,0,0,0,0,0.2,0.2,0.0,0.2,1,6,0,0.00,0.00,0.00,0.00,0.00,0.12,0.00,0.12,0.12,0.12,Matches,,,,,,,
Ezri Konsa,eng ENG,DF,Aston Villa,26-311,1997,2,2,180,2.0,0,0,0,0,0,0,0,0,0.1,0.1,0.0,0.1,0,3,0,0.00,0.00,0.00,0.00,0.00,0.04,0.01,0.05,0.04,0.05,Matches,,,,,,,
Mateo Kovačić,hr CRO,MF,Manchester City,30-115,1994,2,2,139,1.5,1,0,1,1,0,0,0,0,0.1,0.1,0.0,0.2,2,6,1,0.65,0.00,0.65,0.65,0.65,0.08,0.03,0.11,0.08,0.11,Matches,,,,,,,
Emil Krafth,se SWE,DF,Newcastle Utd,30-027,1994,2,1,151,1.7,0,0,0,0,0,0,0,0,0.0,0.0,0.1,0.1,0,1,0,0.00,0.00,0.00,0.00,0.00,0.00,0.06,0.06,0.00,0.06,Matches,,,,,,,
Mohammed Kudus,gh GHA,MF,West Ham,24-027,2000,2,2,177,2.0,0,0,0,0,0,0,0,0,0.2,0.2,0.5,0.6,11,4,16,0.00,0.00,0.00,0.00,0.00,0.08,0.24,0.33,0.08,0.33,Matches,,,,,,,
Dejan Kulusevski,se SWE,MF,Tottenham,24-126,2000,2,1,78,0.9,0,1,1,0,0,0,0,0,0.0,0.0,0.2,0.2,4,4,8,0.00,1.15,1.15,0.00,1.15,0.00,0.26,0.26,0.00,0.26,Matches,,,,,,,
Roméo Lavia,be BEL,MF,Chelsea,20-236,2004,1,1,66,0.7,0,0,0,0,0,0,0,0,0.0,0.0,0.5,0.5,0,2,1,0.00,0.00,0.00,0.00,0.00,0.00,0.65,0.65,0.00,0.65,Matches,,,,,,,
Mario Lemina,ga GAB,MF,Wolves,30-363,1993,2,2,179,2.0,0,0,0,0,0,0,0,0,0.1,0.1,0.0,0.1,0,5,0,0.00,0.00,0.00,0.00,0.00,0.03,0.00,0.03,0.03,0.03,Matches,,,,,,,
Bernd Leno,de GER,GK,Fulham,32-178,1992,2,2,180,2.0,0,0,0,0,0,0,0,0,0.0,0.0,0.0,0.0,0,0,0,0.00,0.00,0.00,0.00,0.00,0.00,0.00,0.00,0.00,0.00,Matches,,,,,,,
Jefferson Lerma,co COL,MF,Crystal Palace,29-309,1994,2,1,79,0.9,0,0,0,0,0,0,1,0,0.0,0.0,0.5,0.5,1,7,2,0.00,0.00,0.00,0.00,0.00,0.02,0.52,0.54,0.02,0.54,Matches,,,,,,,
Rico Lewis,eng ENG,"MF,DF",Manchester City,19-282,2004,2,2,180,2.0,0,0,0,0,0,0,0,0,0.5,0.5,0.0,0.5,5,6,15,0.00,0.00,0.00,0.00,0.00,0.27,0.00,0.27,0.27,0.27,Matches,,,,,,,
Keane Lewis-Potter,eng ENG,"MF,FW",Brentford,23-189,2001,2,1,82,0.9,0,0,0,0,0,0,0,0,0.1,0.1,0.0,0.1,0,2,7,0.00,0.00,0.00,0.00,0.00,0.07,0.04,0.11,0.07,0.11,Matches,,,,,,,
Matthijs de Ligt,nl NED,DF,Manchester Utd,25-017,1999,2,0,22,0.2,0,0,0,0,0,0,0,0,0.0,0.0,0.0,0.0,0,1,0,0.00,0.00,0.00,0.00,0.00,0.00,0.00,0.00,0.00,0.00,Matches,,,,,,,
Jesper Lindstrøm,dk DEN,FW,Everton,24-182,2000,1,0,34,0.4,0,0,0,0,0,0,0,0,0.0,0.0,0.0,0.0,0,0,0,0.00,0.00,0.00,0.00,0.00,0.11,0.00,0.11,0.11,0.11,Matches,,,,,,,
Valentino Livramento,eng ENG,DF,Newcastle Utd,21-291,2002,2,2,147,1.6,0,0,0,0,0,0,0,0,0.0,0.0,0.0,0.0,1,1,2,0.00,0.00,0.00,0.00,0.00,0.00,0.00,0.00,0.00,0.00,Matches,,,,,,,
Sean Longstaff,eng ENG,MF,Newcastle Utd,26-304,1997,2,2,159,1.8,0,0,0,0,0,0,0,0,0.0,0.0,0.0,0.0,1,4,4,0.00,0.00,0.00,0.00,0.00,0.00,0.01,0.01,0.00,0.01,Matches,,,,,,,
Saša Lukić,rs SRB,MF,Fulham,28-016,1996,2,2,179,2.0,0,0,0,0,0,0,0,0,0.0,0.0,0.0,0.0,1,8,0,0.00,0.00,0.00,0.00,0.00,0.00,0.02,0.02,0.00,0.02,Matches,,,,,,,
Massimo Luongo,au AUS,MF,Ipswich Town,31-339,1992,2,2,135,1.5,0,0,0,0,0,0,0,0,0.0,0.0,0.0,0.0,0,4,1,0.00,0.00,0.00,0.00,0.00,0.00,0.00,0.00,0.00,0.00,Matches,,,,,,,
Ian Maatsen,nl NED,DF,Aston Villa,22-172,2002,2,0,32,0.4,0,0,0,0,0,0,0,0,0.0,0.0,0.2,0.2,2,3,2,0.00,0.00,0.00,0.00,0.00,0.00,0.46,0.46,0.00,0.46,Matches,,,,,,,
Alexis Mac Allister,ar ARG,MF,Liverpool,25-249,1998,2,2,180,2.0,0,0,0,0,0,0,0,0,0.1,0.1,0.2,0.3,0,12,4,0.00,0.00,0.00,0.00,0.00,0.05,0.10,0.15,0.05,0.15,Matches,,,,,,,
James Maddison,eng ENG,MF,Tottenham,27-280,1996,2,2,156,1.7,0,2,2,0,0,0,0,0,0.4,0.4,0.6,1.0,4,25,12,0.00,1.15,1.15,0.00,1.15,0.24,0.37,0.61,0.24,0.61,Matches,,,,,,,
Noni Madueke,eng ENG,FW,Chelsea,22-172,2002,1,1,90,1.0,3,0,3,3,0,0,0,0,0.6,0.6,0.4,1.0,5,1,9,3.00,0.00,3.00,3.00,3.00,0.58,0.42,1.00,0.58,1.00,Matches,,,,,,,
Gabriel Magalhães,br BRA,DF,Arsenal,26-254,1997,2,2,180,2.0,0,0,0,0,0,0,1,0,0.1,0.1,0.0,0.1,0,9,0,0.00,0.00,0.00,0.00,0.00,0.06,0.00,0.06,0.06,0.06,Matches,,,,,,,
Harry Maguire,eng ENG,DF,Manchester Utd,31-177,1993,2,2,158,1.8,0,0,0,0,0,0,1,0,0.0,0.0,0.0,0.1,1,8,0,0.00,0.00,0.00,0.00,0.00,0.02,0.01,0.04,0.02,0.04,Matches,,,,,,,
Kobbie Mainoo,eng ENG,MF,Manchester Utd,19-132,2005,2,2,173,1.9,0,0,0,0,0,0,1,0,0.0,0.0,0.0,0.0,0,8,1,0.00,0.00,0.00,0.00,0.00,0.02,0.00,0.02,0.02,0.02,Matches,,,,,,,
Gabriel Martinelli,br BRA,FW,Arsenal,23-072,2001,2,2,154,1.7,0,0,0,0,0,0,0,0,0.1,0.1,0.7,0.7,10,2,25,0.00,0.00,0.00,0.00,0.00,0.04,0.38,0.43,0.04,0.43,Matches,,,,,,,
Emiliano Martínez,ar ARG,GK,Aston Villa,31-362,1992,2,2,180,2.0,0,0,0,0,0,0,0,0,0.0,0.0,0.0,0.0,0,0,0,0.00,0.00,0.00,0.00,0.00,0.00,0.00,0.00,0.00,0.00,Matches,,,,,,,
Lisandro Martínez,ar ARG,DF,Manchester Utd,26-224,1998,2,2,180,2.0,0,0,0,0,0,0,0,0,0.0,0.0,0.0,0.0,1,13,0,0.00,0.00,0.00,0.00,0.00,0.00,0.01,0.01,0.00,0.01,Matches,,,,,,,
Pape Matar Sarr,sn SEN,MF,Tottenham,21-350,2002,2,1,101,1.1,0,0,0,0,0,0,0,0,0.0,0.0,0.1,0.2,2,8,5,0.00,0.00,0.00,0.00,0.00,0.01,0.12,0.13,0.01,0.13,Matches,,,,,,,
Jean-Philippe Mateta,fr FRA,FW,Crystal Palace,27-062,1997,2,2,135,1.5,0,0,0,0,0,0,0,0,0.3,0.3,0.3,0.6,1,4,5,0.00,0.00,0.00,0.00,0.00,0.20,0.23,0.43,0.20,0.43,Matches,,,,,,,
Stephy Mavididi,eng ENG,FW,Leicester City,26-090,1998,2,0,32,0.4,0,0,0,0,0,0,0,0,0.0,0.0,0.0,0.0,2,2,0,0.00,0.00,0.00,0.00,0.00,0.00,0.11,0.11,0.00,0.11,Matches,,,,,,,
Konstantinos Mavropanos,gr GRE,DF,West Ham,26-262,1997,2,2,180,2.0,0,0,0,0,0,0,0,0,0.0,0.0,0.0,0.0,1,4,0,0.00,0.00,0.00,0.00,0.00,0.01,0.00,0.01,0.01,0.01,Matches,,,,,,,
Noussair Mazraoui,ma MAR,DF,Manchester Utd,26-289,1997,2,2,170,1.9,0,1,1,0,0,0,0,0,0.0,0.0,0.1,0.1,2,8,4,0.00,0.53,0.53,0.00,0.53,0.00,0.06,0.06,0.00,0.06,Matches,,,,,,,
Bryan Mbeumo,cm CMR,FW,Brentford,25-022,1999,2,2,179,2.0,1,0,1,1,0,0,1,0,0.1,0.1,0.6,0.7,7,3,16,0.50,0.00,0.50,0.50,0.50,0.06,0.30,0.36,0.06,0.36,Matches,,,,,,,
James Mcatee,eng ENG,FW,Manchester City,21-316,2002,1,0,1,0.0,0,0,0,0,0,0,0,0,0.0,0.0,0.0,0.0,0,0,0,0.00,0.00,0.00,0.00,0.00,0.00,0.00,0.00,0.00,0.00,Matches,,,,,,,
Kasey McAteer,eng ENG,"FW,MF",Leicester City,22-281,2001,2,0,11,0.1,0,0,0,0,0,0,0,0,0.0,0.0,0.0,0.0,0,0,2,0.00,0.00,0.00,0.00,0.00,0.18,0.00,0.18,0.18,0.18,Matches,,,,,,,
Alex McCarthy,eng ENG,GK,Southampton,34-270,1989,2,2,180,2.0,0,0,0,0,0,0,0,0,0.0,0.0,0.0,0.0,0,0,0,0.00,0.00,0.00,0.00,0.00,0.00,0.00,0.00,0.00,0.00,Matches,,,,,,,
John McGinn,sct SCO,"MF,FW",Aston Villa,29-316,1994,2,2,125,1.4,0,0,0,0,0,0,0,0,0.3,0.3,0.0,0.3,3,4,1,0.00,0.00,0.00,0.00,0.00,0.20,0.00,0.20,0.20,0.20,Matches,,,,,,,
Dwight McNeil,eng ENG,"FW,MF",Everton,24-281,1999,2,2,180,2.0,0,0,0,0,0,0,0,0,0.0,0.0,0.6,0.6,1,7,8,0.00,0.00,0.00,0.00,0.00,0.01,0.29,0.31,0.01,0.31,Matches,,,,,,,
Scott McTominay,sct SCO,MF,Manchester Utd,27-265,1996,2,0,19,0.2,0,0,0,0,0,0,0,0,0.1,0.1,0.0,0.1,0,1,2,0.00,0.00,0.00,0.00,0.00,0.33,0.00,0.33,0.33,0.33,Matches,,,,,,,
Ben Mee,eng ENG,DF,Brentford,34-343,1989,1,0,1,0.0,0,0,0,0,0,0,0,0,0.0,0.0,0.0,0.0,0,0,0,0.00,0.00,0.00,0.00,0.00,0.00,0.00,0.00,0.00,0.00,Matches,,,,,,,
Nikola Milenković,rs SRB,DF,Nott'ham Forest,26-322,1997,1,1,90,1.0,0,0,0,0,0,0,0,0,1.0,1.0,0.0,1.0,0,2,0,0.00,0.00,0.00,0.00,0.00,0.97,0.02,0.99,0.97,0.99,Matches,,,,,,,
James Milner,eng ENG,MF,Brighton,38-238,1986,2,2,153,1.7,0,0,0,0,0,0,1,0,0.2,0.2,0.2,0.4,1,9,10,0.00,0.00,0.00,0.00,0.00,0.10,0.14,0.23,0.10,0.23,Matches,,,,,,,
Yankuba Minteh,gm GAM,FW,Brighton,20-038,2004,2,2,133,1.5,0,1,1,0,0,0,0,0,0.1,0.1,1.3,1.4,9,5,16,0.00,0.68,0.68,0.00,0.68,0.05,0.89,0.94,0.05,0.94,Matches,,,,,,,
Tyrick Mitchell,eng ENG,DF,Crystal Palace,24-363,1999,2,2,180,2.0,0,0,0,0,0,0,0,0,0.1,0.1,0.3,0.4,3,7,19,0.00,0.00,0.00,0.00,0.00,0.06,0.13,0.19,0.06,0.19,Matches,,,,,,,
Kaoru Mitoma,jp JPN,FW,Brighton,27-101,1997,2,2,177,2.0,1,1,2,1,0,0,0,0,1.0,1.0,0.8,1.7,8,4,13,0.51,0.51,1.02,0.51,1.02,0.50,0.38,0.88,0.50,0.88,Matches,,,,,,,
Sam Morsy,eg EGY,MF,Ipswich Town,32-354,1991,2,2,180,2.0,0,0,0,0,0,0,1,0,0.0,0.0,0.1,0.1,0,2,2,0.00,0.00,0.00,0.00,0.00,0.00,0.03,0.03,0.00,0.03,Matches,,,,,,,
Yerson Mosquera,co COL,DF,Wolves,23-119,2001,2,2,180,2.0,0,0,0,0,0,0,1,0,0.3,0.3,0.1,0.3,0,2,0,0.00,0.00,0.00,0.00,0.00,0.13,0.03,0.15,0.13,0.15,Matches,,,,,,,
Mason Mount,eng ENG,MF,Manchester Utd,25-232,1999,2,2,105,1.2,0,0,0,0,0,0,1,0,0.4,0.4,0.1,0.5,0,3,4,0.00,0.00,0.00,0.00,0.00,0.33,0.06,0.39,0.33,0.39,Matches,,,,,,,
Mykhailo Mudryk,ua UKR,FW,Chelsea,23-237,2001,1,1,45,0.5,0,0,0,0,0,0,0,0,0.0,0.0,0.0,0.0,1,1,3,0.00,0.00,0.00,0.00,0.00,0.00,0.00,0.00,0.00,0.00,Matches,,,,,,,
Rodrigo Muniz,br BRA,FW,Fulham,23-117,2001,2,2,156,1.7,0,0,0,0,0,0,0,0,0.7,0.7,0.2,0.9,0,3,9,0.00,0.00,0.00,0.00,0.00,0.40,0.14,0.53,0.40,0.53,Matches,,,,,,,
Daniel Muñoz,co COL,DF,Crystal Palace,28-095,1996,2,2,180,2.0,0,0,0,0,0,0,0,0,0.0,0.0,0.0,0.0,1,3,13,0.00,0.00,0.00,0.00,0.00,0.00,0.02,0.02,0.00,0.02,Matches,,,,,,,
Arijanet Muric,xk KVX,GK,Ipswich Town,25-296,1998,1,1,90,1.0,0,0,0,0,0,0,0,0,0.0,0.0,0.0,0.0,0,0,0,0.00,0.00,0.00,0.00,0.00,0.00,0.00,0.00,0.00,0.00,Matches,,,,,,,
Murillo,br BRA,DF,Nott'ham Forest,22-056,2002,2,2,180,2.0,0,0,0,0,0,0,0,0,0.0,0.0,0.1,0.1,0,2,0,0.00,0.00,0.00,0.00,0.00,0.00,0.06,0.06,0.00,0.06,Matches,,,,,,,
Jacob Murphy,eng ENG,FW,Newcastle Utd,29-187,1995,2,2,86,1.0,0,0,0,0,0,0,0,0,0.0,0.0,0.0,0.0,1,8,2,0.00,0.00,0.00,0.00,0.00,0.00,0.02,0.02,0.00,0.02,Matches,,,,,,,
Vitaliy Mykolenko,ua UKR,DF,Everton,25-092,1999,2,2,180,2.0,0,0,0,0,0,0,0,0,0.0,0.0,0.0,0.0,1,6,3,0.00,0.00,0.00,0.00,0.00,0.00,0.00,0.00,0.00,0.00,Matches,,,,,,,
Iliman Ndiaye,sn SEN,"FW,MF",Everton,24-176,2000,2,0,62,0.7,0,0,0,0,0,0,0,0,0.0,0.0,0.0,0.0,6,0,6,0.00,0.00,0.00,0.00,0.00,0.06,0.00,0.06,0.06,0.06,Matches,,,,,,,
Wilfred Ndidi,ng NGA,MF,Leicester City,27-257,1996,2,2,180,2.0,0,0,0,0,0,0,0,0,0.2,0.2,0.0,0.2,1,8,5,0.00,0.00,0.00,0.00,0.00,0.08,0.02,0.10,0.08,0.10,Matches,,,,,,,
Kosta Nedeljković,rs SRB,DF,Aston Villa,18-257,2005,2,0,84,0.9,0,0,0,0,0,0,0,0,0.0,0.0,0.0,0.0,1,2,0,0.00,0.00,0.00,0.00,0.00,0.00,0.00,0.00,0.00,0.00,Matches,,,,,,,
Reiss Nelson,eng ENG,FW,Arsenal,24-263,1999,1,0,3,0.0,0,0,0,0,0,0,0,0,0.0,0.0,0.0,0.0,0,0,0,0.00,0.00,0.00,0.00,0.00,0.00,0.00,0.00,0.00,0.00,Matches,,,,,,,
Neto,br BRA,GK,Bournemouth,35-041,1989,2,2,180,2.0,0,0,0,0,0,0,0,0,0.0,0.0,0.0,0.0,0,0,0,0.00,0.00,0.00,0.00,0.00,0.00,0.00,0.00,0.00,0.00,Matches,,,,,,,
Pedro Neto,pt POR,FW,Chelsea,24-173,2000,2,0,78,0.9,0,1,1,0,0,0,0,0,0.0,0.0,0.3,0.3,6,1,5,0.00,1.15,1.15,0.00,1.15,0.05,0.36,0.40,0.05,0.40,Matches,,,,,,,
Christopher Nkunku,fr FRA,FW,Chelsea,26-289,1997,2,1,65,0.7,0,0,0,0,0,0,0,0,0.1,0.1,0.1,0.3,2,2,5,0.00,0.00,0.00,0.00,0.00,0.20,0.20,0.40,0.20,0.40,Matches,,,,,,,
Matheus Nunes,pt POR,MF,Manchester City,26-002,1998,1,0,1,0.0,0,0,0,0,0,0,0,0,0.0,0.0,0.0,0.0,0,0,1,0.00,0.00,0.00,0.00,0.00,0.00,0.00,0.00,0.00,0.00,Matches,,,,,,,
Darwin Núñez,uy URU,FW,Liverpool,25-066,1999,1,0,19,0.2,0,0,0,0,0,0,0,0,0.0,0.0,0.0,0.0,0,1,1,0.00,0.00,0.00,0.00,0.00,0.00,0.00,0.00,0.00,0.00,Matches,,,,,,,
Christian Nørgaard,dk DEN,MF,Brentford,30-172,1994,2,2,180,2.0,0,0,0,0,0,0,1,0,0.2,0.2,0.1,0.3,2,8,2,0.00,0.00,0.00,0.00,0.00,0.11,0.07,0.17,0.11,0.17,Matches,,,,,,,
Wilson Odobert,fr FRA,FW,Tottenham,19-275,2004,1,1,65,0.7,0,0,0,0,0,0,0,0,0.0,0.0,0.0,0.1,7,5,10,0.00,0.00,0.00,0.00,0.00,0.07,0.04,0.10,0.07,0.10,Matches,,,,,,,
Amadou Onana,be BEL,MF,Aston Villa,23-013,2001,2,2,165,1.8,1,0,1,1,0,0,1,0,0.7,0.7,0.0,0.7,5,3,0,0.55,0.00,0.55,0.55,0.55,0.36,0.00,0.36,0.36,0.36,Matches,,,,,,,
André Onana,cm CMR,GK,Manchester Utd,28-149,1996,2,2,180,2.0,0,0,0,0,0,0,0,0,0.0,0.0,0.0,0.0,0,0,0,0.00,0.00,0.00,0.00,0.00,0.00,0.00,0.00,0.00,0.00,Matches,,,,,,,
Frank Onyeka,ng NGA,MF,Brentford,26-241,1998,2,0,25,0.3,0,0,0,0,0,0,0,0,0.0,0.0,0.0,0.0,0,1,0,0.00,0.00,0.00,0.00,0.00,0.00,0.00,0.00,0.00,0.00,Matches,,,,,,,
Dango Ouattara,bf BFA,FW,Bournemouth,22-200,2002,2,1,87,1.0,0,0,0,0,0,0,0,0,0.3,0.3,0.0,0.3,5,0,8,0.00,0.00,0.00,0.00,0.00,0.36,0.00,0.36,0.36,0.36,Matches,,,,,,,
Cole Palmer,eng ENG,"FW,MF",Chelsea,22-115,2002,2,2,172,1.9,1,3,4,1,0,0,1,0,0.7,0.7,0.5,1.2,9,15,11,0.52,1.57,2.09,0.52,2.09,0.38,0.26,0.65,0.38,0.65,Matches,,,,,,,
Emerson Palmieri,it ITA,DF,West Ham,30-026,1994,2,2,178,2.0,0,0,0,0,0,0,0,0,0.0,0.0,0.0,0.0,5,5,1,0.00,0.00,0.00,0.00,0.00,0.02,0.00,0.02,0.02,0.02,Matches,,,,,,,
Lucas Paquetá,br BRA,MF,West Ham,27-002,1997,2,2,163,1.8,1,0,1,0,1,1,1,0,0.9,0.1,0.0,0.2,2,11,5,0.55,0.00,0.55,0.00,0.00,0.51,0.02,0.53,0.07,0.09,Matches,,,,,,,
Thomas Partey,gh GHA,MF,Arsenal,31-077,1993,2,2,180,2.0,1,0,1,1,0,0,0,0,0.2,0.2,0.1,0.3,1,13,1,0.50,0.00,0.50,0.50,0.50,0.08,0.07,0.15,0.08,0.15,Matches,,,,,,,
Andreas Pereira,br BRA,MF,Fulham,28-241,1996,2,2,174,1.9,0,0,0,0,0,0,1,0,0.1,0.1,0.7,0.7,2,16,12,0.00,0.00,0.00,0.00,0.00,0.03,0.35,0.38,0.03,0.38,Matches,,,,,,,
Jaden Philogene Bidace,eng ENG,FW,Aston Villa,22-203,2002,1,0,17,0.2,0,0,0,0,0,0,1,0,0.1,0.1,0.0,0.1,0,0,2,0.00,0.00,0.00,0.00,0.00,0.35,0.00,0.35,0.35,0.35,Matches,,,,,,,
Jordan Pickford,eng ENG,GK,Everton,30-175,1994,2,2,180,2.0,0,0,0,0,0,0,0,0,0.0,0.0,0.0,0.0,0,0,0,0.00,0.00,0.00,0.00,0.00,0.00,0.00,0.00,0.00,0.00,Matches,,,,,,,
Ethan Pinnock,jm JAM,DF,Brentford,31-092,1993,2,2,180,2.0,0,0,0,0,0,0,0,0,0.0,0.0,0.0,0.0,0,2,0,0.00,0.00,0.00,0.00,0.00,0.00,0.00,0.00,0.00,0.00,Matches,,,,,,,
Daniel Podence,pt POR,"MF,FW",Wolves,28-313,1995,2,0,48,0.5,0,0,0,0,0,0,0,0,0.0,0.0,0.0,0.0,1,2,3,0.00,0.00,0.00,0.00,0.00,0.07,0.00,0.07,0.07,0.07,Matches,,,,,,,
Nick Pope,eng ENG,GK,Newcastle Utd,32-132,1992,2,2,180,2.0,0,0,0,0,0,0,0,0,0.0,0.0,0.0,0.0,0,0,0,0.00,0.00,0.00,0.00,0.00,0.00,0.00,0.00,0.00,0.00,Matches,,,,,,,
Pedro Porro,es ESP,DF,Tottenham,24-351,1999,2,2,179,2.0,1,0,1,1,0,0,0,0,0.1,0.1,0.3,0.4,4,12,4,0.50,0.00,0.50,0.50,0.50,0.06,0.13,0.20,0.06,0.20,Matches,,,,,,,
Jarell Quansah,eng ENG,DF,Liverpool,21-213,2003,1,1,45,0.5,0,0,0,0,0,0,0,0,0.0,0.0,0.0,0.0,0,0,0,0.00,0.00,0.00,0.00,0.00,0.00,0.00,0.00,0.00,0.00,Matches,,,,,,,
Jacob Ramsey,eng ENG,"FW,MF",Aston Villa,23-093,2001,2,0,55,0.6,0,1,1,0,0,0,0,0,0.1,0.1,0.2,0.3,4,1,3,0.00,1.64,1.64,0.00,1.64,0.16,0.28,0.43,0.16,0.43,Matches,,,,,,,
Marcus Rashford,eng ENG,FW,Manchester Utd,26-303,1997,2,2,154,1.7,0,0,0,0,0,0,0,0,0.0,0.0,0.7,0.7,4,2,12,0.00,0.00,0.00,0.00,0.00,0.00,0.39,0.39,0.00,0.39,Matches,,,,,,,
David Raya,es ESP,GK,Arsenal,28-349,1995,2,2,180,2.0,0,0,0,0,0,0,0,0,0.0,0.0,0.0,0.0,0,0,0,0.00,0.00,0.00,0.00,0.00,0.00,0.00,0.00,0.00,0.00,Matches,,,,,,,
Harrison Reed,eng ENG,MF,Fulham,29-215,1995,2,0,6,0.1,0,0,0,0,0,0,0,0,0.0,0.0,0.0,0.0,0,2,3,0.00,0.00,0.00,0.00,0.00,0.00,0.00,0.00,0.00,0.00,Matches,,,,,,,
Bobby Reid,jm JAM,FW,Leicester City,31-209,1993,2,2,147,1.6,0,0,0,0,0,0,0,0,0.1,0.1,0.0,0.1,2,2,6,0.00,0.00,0.00,0.00,0.00,0.05,0.00,0.05,0.05,0.05,Matches,,,,,,,
Chadi Riad,ma MAR,DF,Crystal Palace,21-073,2003,1,1,90,1.0,0,0,0,0,0,0,0,0,0.0,0.0,0.0,0.0,2,7,0,0.00,0.00,0.00,0.00,0.00,0.00,0.00,0.00,0.00,0.00,Matches,,,,,,,
Declan Rice,eng ENG,MF,Arsenal,25-228,1999,2,2,174,1.9,0,0,0,0,0,0,1,0,0.2,0.2,0.3,0.5,3,16,9,0.00,0.00,0.00,0.00,0.00,0.08,0.17,0.25,0.08,0.25,Matches,,,,,,,
Chris Richards,us USA,DF,Crystal Palace,24-154,2000,2,2,164,1.8,0,0,0,0,0,0,1,0,0.1,0.1,0.0,0.1,1,1,1,0.00,0.00,0.00,0.00,0.00,0.07,0.00,0.07,0.07,0.07,Matches,,,,,,,
Richarlison,br BRA,"FW,MF",Tottenham,27-111,1997,2,0,26,0.3,0,0,0,0,0,0,0,0,0.2,0.2,0.0,0.2,1,1,1,0.00,0.00,0.00,0.00,0.00,0.67,0.00,0.67,0.67,0.67,Matches,,,,,,,
Andrew Robertson,sct SCO,DF,Liverpool,30-171,1994,2,2,168,1.9,0,0,0,0,0,0,0,0,0.3,0.3,0.4,0.7,4,10,7,0.00,0.00,0.00,0.00,0.00,0.18,0.20,0.38,0.18,0.38,Matches,,,,,,,
Antonee Robinson,us USA,DF,Fulham,27-021,1997,2,2,180,2.0,0,1,1,0,0,0,0,0,0.0,0.0,0.2,0.2,3,5,8,0.00,0.50,0.50,0.00,0.50,0.00,0.11,0.11,0.00,0.11,Matches,,,,,,,
Guido Rodríguez,ar ARG,MF,West Ham,30-139,1994,2,2,174,1.9,0,0,0,0,0,0,0,0,0.0,0.0,0.0,0.0,1,6,0,0.00,0.00,0.00,0.00,0.00,0.02,0.00,0.02,0.02,0.02,Matches,,,,,,,
Mads Roerslev,dk DEN,DF,Brentford,25-066,1999,2,2,180,2.0,0,0,0,0,0,0,0,0,0.0,0.0,0.0,0.0,1,8,4,0.00,0.00,0.00,0.00,0.00,0.00,0.00,0.00,0.00,0.00,Matches,,,,,,,
Morgan Rogers,eng ENG,"MF,FW",Aston Villa,22-034,2002,2,2,180,2.0,0,0,0,0,0,0,0,0,0.3,0.3,0.7,1.0,11,3,9,0.00,0.00,0.00,0.00,0.00,0.16,0.33,0.49,0.16,0.49,Matches,,,,,,,
Cristian Romero,ar ARG,DF,Tottenham,26-124,1998,2,2,180,2.0,1,0,1,1,0,0,0,0,0.6,0.6,0.2,0.8,0,14,1,0.50,0.00,0.50,0.50,0.50,0.31,0.08,0.39,0.31,0.39,Matches,,,,,,,
Georginio Rutter,fr FRA,FW,Brighton,22-131,2002,1,0,1,0.0,0,0,0,0,0,0,0,0,0.0,0.0,0.0,0.0,1,2,0,0.00,0.00,0.00,0.00,0.00,0.00,0.00,0.00,0.00,0.00,Matches,,,,,,,
José Sá,pt POR,GK,Wolves,31-225,1993,2,2,180,2.0,0,0,0,0,0,0,0,0,0.0,0.0,0.1,0.1,0,0,0,0.00,0.00,0.00,0.00,0.00,0.00,0.03,0.03,0.00,0.03,Matches,,,,,,,
Bukayo Saka,eng ENG,FW,Arsenal,22-359,2001,2,2,166,1.8,1,2,3,1,0,0,1,0,0.4,0.4,0.5,0.9,6,8,29,0.54,1.08,1.63,0.54,1.63,0.22,0.26,0.47,0.22,0.47,Matches,,,,,,,
Mohamed Salah,eg EGY,FW,Liverpool,32-075,1992,2,2,172,1.9,2,1,3,2,0,0,0,0,1.3,1.3,0.5,1.7,8,11,21,1.05,0.52,1.57,1.05,1.57,0.66,0.26,0.91,0.66,0.91,Matches,,,,,,,
William Saliba,fr FRA,DF,Arsenal,23-158,2001,2,2,180,2.0,0,0,0,0,0,0,0,0,0.0,0.0,0.0,0.0,0,7,0,0.00,0.00,0.00,0.00,0.00,0.00,0.00,0.00,0.00,0.00,Matches,,,,,,,
Robert Sánchez,es ESP,GK,Chelsea,26-285,1997,2,2,180,2.0,0,0,0,0,0,0,0,0,0.0,0.0,0.0,0.0,0,0,0,0.00,0.00,0.00,0.00,0.00,0.00,0.00,0.00,0.00,0.00,Matches,,,,,,,
Ibrahim Sangaré,ci CIV,MF,Nott'ham Forest,26-271,1997,2,2,155,1.7,0,0,0,0,0,0,1,0,0.0,0.0,0.0,0.0,0,6,1,0.00,0.00,0.00,0.00,0.00,0.01,0.00,0.01,0.01,0.01,Matches,,,,,,,
Pablo Sarabia,es ESP,"FW,MF",Wolves,32-110,1992,2,0,30,0.3,0,0,0,0,0,0,0,0,0.1,0.1,0.0,0.1,2,6,2,0.00,0.00,0.00,0.00,0.00,0.27,0.00,0.27,0.27,0.27,Matches,,,,,,,
Jeremy Sarmiento,ec ECU,MF,Brighton,22-074,2002,1,0,9,0.1,0,0,0,0,0,0,0,0,0.0,0.0,0.0,0.0,0,0,2,0.00,0.00,0.00,0.00,0.00,0.00,0.00,0.00,0.00,0.00,Matches,,,,,,,
Ismaila Sarr,sn SEN,MF,Crystal Palace,26-186,1998,2,0,27,0.3,0,0,0,0,0,0,0,0,0.1,0.1,0.3,0.4,0,0,3,0.00,0.00,0.00,0.00,0.00,0.34,1.02,1.35,0.34,1.35,Matches,,,,,,,
Sávio,br BRA,FW,Manchester City,20-141,2004,2,2,115,1.3,0,1,1,0,0,0,0,0,0.0,0.0,0.8,0.8,11,4,19,0.00,0.78,0.78,0.00,0.78,0.00,0.66,0.66,0.00,0.66,Matches,,,,,,,
Kevin Schade,de GER,FW,Brentford,22-276,2001,2,1,91,1.0,0,0,0,0,0,0,0,0,0.1,0.1,0.0,0.1,4,1,11,0.00,0.00,0.00,0.00,0.00,0.13,0.00,0.13,0.13,0.13,Matches,,,,,,,
Fabian Schär,ch SUI,DF,Newcastle Utd,32-253,1991,1,1,27,0.3,0,0,0,0,0,0,0,1,0.0,0.0,0.0,0.0,0,1,2,0.00,0.00,0.00,0.00,0.00,0.12,0.00,0.12,0.12,0.12,Matches,,,,,,,
Jeffrey Schlupp,gh GHA,DF,Crystal Palace,31-250,1992,1,0,9,0.1,0,0,0,0,0,0,0,0,0.0,0.0,0.0,0.0,0,0,2,0.00,0.00,0.00,0.00,0.00,0.00,0.00,0.00,0.00,0.00,Matches,,,,,,,
Alex Scott,eng ENG,MF,Bournemouth,21-008,2003,2,1,89,1.0,0,0,0,0,0,0,0,0,0.0,0.0,0.1,0.1,0,7,3,0.00,0.00,0.00,0.00,0.00,0.04,0.06,0.10,0.04,0.10,Matches,,,,,,,
Matz Sels,be BEL,GK,Nott'ham Forest,32-185,1992,2,2,180,2.0,0,0,0,0,0,0,0,0,0.0,0.0,0.0,0.0,0,0,0,0.00,0.00,0.00,0.00,0.00,0.00,0.00,0.00,0.00,0.00,Matches,,,,,,,
Antoine Semenyo,gh GHA,FW,Bournemouth,24-235,2000,2,2,180,2.0,1,1,2,1,0,0,0,0,0.8,0.8,1.6,2.3,8,3,16,0.50,0.50,1.00,0.50,1.00,0.38,0.79,1.17,0.38,1.17,Matches,,,,,,,
Marcos Senesi,ar ARG,DF,Bournemouth,27-111,1997,1,1,90,1.0,0,0,0,0,0,0,1,0,0.0,0.0,0.0,0.0,0,3,0,0.00,0.00,0.00,0.00,0.00,0.00,0.00,0.00,0.00,0.00,Matches,,,,,,,
Bernardo Silva,pt POR,"MF,FW",Manchester City,30-019,1994,2,2,180,2.0,0,1,1,0,0,0,0,0,0.2,0.2,0.3,0.5,4,8,10,0.00,0.50,0.50,0.00,0.50,0.12,0.15,0.27,0.12,0.27,Matches,,,,,,,
Jota Silva,pt POR,MF,Nott'ham Forest,25-028,1999,1,0,1,0.0,0,0,0,0,0,0,0,0,0.0,0.0,0.0,0.0,0,0,0,0.00,0.00,0.00,0.00,0.00,0.00,0.00,0.00,0.00,0.00,Matches,,,,,,,
Luis Sinisterra,co COL,"FW,MF",Bournemouth,25-073,1999,2,1,82,0.9,0,0,0,0,0,0,0,0,0.2,0.2,0.0,0.2,3,1,7,0.00,0.00,0.00,0.00,0.00,0.22,0.04,0.26,0.22,0.26,Matches,,,,,,,
Oliver Skipp,eng ENG,FW,Leicester City,23-348,2000,1,0,20,0.2,0,0,0,0,0,0,0,0,0.0,0.0,0.0,0.0,1,1,0,0.00,0.00,0.00,0.00,0.00,0.00,0.00,0.00,0.00,0.00,Matches,,,,,,,
William Smallbone,ie IRL,MF,Southampton,24-190,2000,2,2,173,1.9,0,0,0,0,0,0,0,0,0.3,0.3,0.0,0.3,2,8,12,0.00,0.00,0.00,0.00,0.00,0.16,0.00,0.16,0.16,0.16,Matches,,,,,,,
Adam Smith,eng ENG,DF,Bournemouth,33-122,1991,2,1,67,0.7,0,0,0,0,0,0,0,0,0.0,0.0,0.0,0.0,0,0,0,0.00,0.00,0.00,0.00,0.00,0.00,0.00,0.00,0.00,0.00,Matches,,,,,,,
Emile Smith Rowe,eng ENG,MF,Fulham,24-032,2000,2,2,131,1.5,1,0,1,1,0,0,0,0,0.5,0.5,0.0,0.5,2,6,5,0.69,0.00,0.69,0.69,0.69,0.36,0.00,0.36,0.36,0.36,Matches,,,,,,,
Dominic Solanke,eng ENG,FW,Tottenham,26-350,1997,1,1,90,1.0,0,0,0,0,0,0,0,0,0.3,0.3,0.1,0.4,3,1,5,0.00,0.00,0.00,0.00,0.00,0.34,0.06,0.40,0.34,0.40,Matches,,,,,,,
Tomáš Souček,cz CZE,MF,West Ham,29-184,1995,2,2,167,1.9,1,0,1,1,0,0,1,0,1.1,1.1,0.1,1.2,1,3,8,0.54,0.00,0.54,0.54,0.54,0.59,0.07,0.66,0.59,0.66,Matches,,,,,,,
Boubakary Soumaré,fr FRA,MF,Leicester City,25-184,1999,1,0,12,0.1,0,0,0,0,0,0,0,0,0.0,0.0,0.0,0.0,0,0,0,0.00,0.00,0.00,0.00,0.00,0.00,0.00,0.00,0.00,0.00,Matches,,,,,,,
Djed Spence,eng ENG,DF,Tottenham,24-020,2000,2,0,19,0.2,0,0,0,0,0,0,0,0,0.0,0.0,0.0,0.0,0,2,2,0.00,0.00,0.00,0.00,0.00,0.00,0.00,0.00,0.00,0.00,Matches,,,,,,,
Jay Stansfield,eng ENG,MF,Fulham,21-279,2002,1,0,1,0.0,0,0,0,0,0,0,0,0,0.0,0.0,0.0,0.0,0,0,0,0.00,0.00,0.00,0.00,0.00,0.00,0.00,0.00,0.00,0.00,Matches,,,,,,,
Jason Steele,eng ENG,GK,Brighton,34-011,1990,2,2,180,2.0,0,0,0,0,0,0,0,0,0.0,0.0,0.0,0.0,0,0,0,0.00,0.00,0.00,0.00,0.00,0.00,0.00,0.00,0.00,0.00,Matches,,,,,,,
Jack Stephens,eng ENG,DF,Southampton,30-215,1994,2,2,180,2.0,0,0,0,0,0,0,1,0,0.0,0.0,0.0,0.0,4,20,0,0.00,0.00,0.00,0.00,0.00,0.00,0.02,0.02,0.00,0.02,Matches,,,,,,,
John Stones,eng ENG,MF,Manchester City,30-093,1994,1,0,41,0.5,0,0,0,0,0,0,0,0,0.0,0.0,0.0,0.0,1,0,0,0.00,0.00,0.00,0.00,0.00,0.00,0.00,0.00,0.00,0.00,Matches,,,,,,,
Jørgen Strand Larsen,no NOR,FW,Wolves,24-205,2000,2,2,173,1.9,1,0,1,1,0,0,0,0,0.7,0.7,0.3,1.0,1,1,5,0.52,0.00,0.52,0.52,0.52,0.36,0.15,0.51,0.36,0.51,Matches,,,,,,,
Yukinari Sugawara,jp JPN,DF,Southampton,24-062,2000,2,2,116,1.3,0,0,0,0,0,0,0,0,0.0,0.0,0.2,0.2,3,5,7,0.00,0.00,0.00,0.00,0.00,0.02,0.15,0.17,0.02,0.17,Matches,,,,,,,
Crysencio Summerville,nl NED,MF,West Ham,22-304,2001,1,0,18,0.2,0,0,0,0,0,0,0,0,0.0,0.0,0.3,0.3,3,0,3,0.00,0.00,0.00,0.00,0.00,0.00,1.36,1.36,0.00,1.36,Matches,,,,,,,
Sammie Szmodics,ie IRL,"MF,FW",Ipswich Town,28-340,1995,2,1,88,1.0,1,0,1,1,0,0,1,0,0.3,0.3,0.0,0.3,1,3,4,1.02,0.00,1.02,1.02,1.02,0.30,0.03,0.33,0.30,0.33,Matches,,,,,,,
Dominik Szoboszlai,hu HUN,MF,Liverpool,23-309,2000,2,2,180,2.0,0,0,0,0,0,0,1,0,0.2,0.2,0.5,0.8,8,11,11,0.00,0.00,0.00,0.00,0.00,0.11,0.27,0.38,0.11,0.38,Matches,,,,,,,
James Tarkowski,eng ENG,DF,Everton,31-284,1992,2,2,180,2.0,0,0,0,0,0,0,1,0,0.2,0.2,0.3,0.5,1,5,0,0.00,0.00,0.00,0.00,0.00,0.11,0.15,0.26,0.11,0.26,Matches,,,,,,,
Marcus Tavernier,eng ENG,"MF,FW",Bournemouth,25-160,1999,2,2,174,1.9,1,0,1,1,0,0,0,0,1.3,1.3,0.3,1.6,3,16,13,0.52,0.00,0.52,0.52,0.52,0.67,0.17,0.84,0.67,0.84,Matches,,,,,,,
Charlie Taylor,eng ENG,"DF,MF",Southampton,30-346,1993,1,0,15,0.2,0,0,0,0,0,0,0,0,0.0,0.0,0.0,0.0,1,2,2,0.00,0.00,0.00,0.00,0.00,0.00,0.00,0.00,0.00,0.00,Matches,,,,,,,
Jack Taylor,ie IRL,MF,Ipswich Town,26-067,1998,2,0,45,0.5,0,0,0,0,0,0,0,0,0.0,0.0,0.0,0.0,0,3,1,0.00,0.00,0.00,0.00,0.00,0.03,0.00,0.03,0.03,0.03,Matches,,,,,,,
Kenny Tete,nl NED,DF,Fulham,28-325,1995,2,2,180,2.0,0,0,0,0,0,0,0,0,0.3,0.3,0.0,0.3,4,10,5,0.00,0.00,0.00,0.00,0.00,0.14,0.00,0.14,0.14,0.14,Matches,,,,,,,
Youri Tielemans,be BEL,MF,Aston Villa,27-114,1997,2,2,180,2.0,0,1,1,0,0,0,0,0,0.2,0.2,0.9,1.0,2,7,1,0.00,0.50,0.50,0.00,0.50,0.09,0.43,0.52,0.09,0.52,Matches,,,,,,,
Jurriën Timber,nl NED,DF,Arsenal,23-073,2001,2,1,100,1.1,0,0,0,0,0,0,0,0,0.0,0.0,0.0,0.0,2,2,2,0.00,0.00,0.00,0.00,0.00,0.02,0.00,0.02,0.02,0.02,Matches,,,,,,,
Jean-Clair Todibo,fr FRA,DF,West Ham,24-243,1999,2,0,9,0.1,0,0,0,0,0,0,0,0,0.0,0.0,0.0,0.0,0,0,0,0.00,0.00,0.00,0.00,0.00,0.00,0.00,0.00,0.00,0.00,Matches,,,,,,,
Harry Toffolo,eng ENG,DF,Nott'ham Forest,29-010,1995,1,0,37,0.4,0,0,0,0,0,0,0,0,0.0,0.0,0.0,0.0,0,1,4,0.00,0.00,0.00,0.00,0.00,0.04,0.00,0.04,0.04,0.04,Matches,,,,,,,
Pau Torres,es ESP,DF,Aston Villa,27-226,1997,2,2,180,2.0,0,0,0,0,0,0,0,0,0.0,0.0,0.0,0.0,3,5,0,0.00,0.00,0.00,0.00,0.00,0.00,0.00,0.00,0.00,0.00,Matches,,,,,,,
Adama Traoré,es ESP,FW,Fulham,28-217,1996,2,2,145,1.6,0,1,1,0,0,0,0,0,0.3,0.3,0.9,1.2,7,6,16,0.00,0.62,0.62,0.00,0.62,0.19,0.54,0.73,0.19,0.73,Matches,,,,,,,
Kieran Trippier,eng ENG,DF,Newcastle Utd,33-345,1990,1,0,33,0.4,0,0,0,0,0,0,0,0,0.0,0.0,0.0,0.0,0,3,1,0.00,0.00,0.00,0.00,0.00,0.00,0.00,0.00,0.00,0.00,Matches,,,,,,,
Leandro Trossard,be BEL,FW,Arsenal,29-269,1994,2,0,37,0.4,1,0,1,1,0,0,0,0,0.2,0.2,0.0,0.2,3,2,2,2.43,0.00,2.43,2.43,2.43,0.45,0.00,0.45,0.45,0.45,Matches,,,,,,,
Kostas Tsimikas,gr GRE,DF,Liverpool,28-109,1996,1,0,12,0.1,0,0,0,0,0,0,0,0,0.0,0.0,0.0,0.0,1,5,0,0.00,0.00,0.00,0.00,0.00,0.00,0.00,0.00,0.00,0.00,Matches,,,,,,,
Axel Tuanzebe,cd COD,DF,Ipswich Town,26-289,1997,2,2,161,1.8,0,0,0,0,0,0,0,0,0.1,0.1,0.0,0.1,0,1,0,0.00,0.00,0.00,0.00,0.00,0.04,0.00,0.04,0.04,0.04,Matches,,,,,,,
Destiny Udogie,it ITA,DF,Tottenham,21-275,2002,2,2,162,1.8,0,0,0,0,0,0,0,0,0.0,0.0,0.0,0.0,4,11,9,0.00,0.00,0.00,0.00,0.00,0.00,0.00,0.00,0.00,0.00,Matches,,,,,,,
Virgil van Dijk,nl NED,DF,Liverpool,33-052,1991,2,2,180,2.0,0,0,0,0,0,0,0,0,0.0,0.0,0.0,0.0,0,6,0,0.00,0.00,0.00,0.00,0.00,0.01,0.00,0.01,0.01,0.01,Matches,,,,,,,
Jamie Vardy,eng ENG,FW,Leicester City,37-231,1987,2,2,148,1.6,1,0,1,1,0,0,0,0,0.8,0.8,0.0,0.8,0,3,8,0.61,0.00,0.61,0.61,0.61,0.49,0.00,0.49,0.49,0.49,Matches,,,,,,,
Renato Veiga,pt POR,DF,Chelsea,21-031,2003,2,0,19,0.2,0,0,0,0,0,0,0,0,0.0,0.0,0.0,0.0,2,1,0,0.00,0.00,0.00,0.00,0.00,0.00,0.00,0.00,0.00,0.00,Matches,,,,,,,
Joël Veltman,nl NED,DF,Brighton,32-227,1992,2,2,180,2.0,0,0,0,0,0,0,0,0,0.0,0.0,0.1,0.1,6,5,5,0.00,0.00,0.00,0.00,0.00,0.00,0.06,0.06,0.00,0.06,Matches,,,,,,,
Micky van de Ven,nl NED,DF,Tottenham,23-132,2001,2,2,180,2.0,0,1,1,0,0,0,0,0,0.0,0.0,0.3,0.3,1,12,0,0.00,0.50,0.50,0.00,0.50,0.00,0.13,0.13,0.00,0.13,Matches,,,,,,,
Jannik Vestergaard,dk DEN,DF,Leicester City,32-026,1992,2,2,180,2.0,0,0,0,0,0,0,1,0,0.0,0.0,0.0,0.0,0,3,0,0.00,0.00,0.00,0.00,0.00,0.00,0.00,0.00,0.00,0.00,Matches,,,,,,,
Guglielmo Vicario,it ITA,GK,Tottenham,27-327,1996,2,2,180,2.0,0,0,0,0,0,0,0,0,0.0,0.0,0.0,0.0,0,0,0,0.00,0.00,0.00,0.00,0.00,0.00,0.00,0.00,0.00,0.00,Matches,,,,,,,
Kyle Walker-Peters,eng ENG,DF,Southampton,27-138,1997,2,2,170,1.9,0,0,0,0,0,0,0,0,0.2,0.2,0.0,0.2,14,18,9,0.00,0.00,0.00,0.00,0.00,0.08,0.00,0.08,0.08,0.08,Matches,,,,,,,
Christian Walton,eng ENG,GK,Ipswich Town,28-294,1995,1,1,90,1.0,0,0,0,0,0,0,0,0,0.0,0.0,0.0,0.0,0,0,0,0.00,0.00,0.00,0.00,0.00,0.00,0.00,0.00,0.00,0.00,Matches,,,,,,,
Aaron Wan-Bissaka,eng ENG,DF,West Ham,26-277,1997,1,0,29,0.3,0,0,0,0,0,0,0,0,0.0,0.0,0.0,0.0,2,0,0,0.00,0.00,0.00,0.00,0.00,0.00,0.00,0.00,0.00,0.00,Matches,,,,,,,
James Ward-Prowse,eng ENG,MF,West Ham,29-302,1994,1,0,17,0.2,0,0,0,0,0,0,0,0,0.0,0.0,0.0,0.0,1,4,0,0.00,0.00,0.00,0.00,0.00,0.00,0.00,0.00,0.00,0.00,Matches,,,,,,,
Ollie Watkins,eng ENG,FW,Aston Villa,28-243,1995,2,2,125,1.4,0,0,0,0,0,0,0,0,0.9,0.9,0.1,0.9,1,0,4,0.00,0.00,0.00,0.00,0.00,0.62,0.04,0.67,0.62,0.67,Matches,,,,,,,
Adam Webster,eng ENG,DF,Brighton,29-238,1995,1,0,15,0.2,0,0,0,0,0,0,0,0,0.0,0.0,0.0,0.0,0,5,1,0.00,0.00,0.00,0.00,0.00,0.00,0.00,0.00,0.00,0.00,Matches,,,,,,,
Danny Welbeck,eng ENG,FW,Brighton,33-277,1990,2,2,168,1.9,2,1,3,2,0,0,0,0,1.3,1.3,0.2,1.5,3,5,5,1.07,0.54,1.61,1.07,1.61,0.70,0.11,0.81,0.70,0.81,Matches,,,,,,,
Timo Werner,de GER,MF,Tottenham,28-176,1996,1,0,13,0.1,0,0,0,0,0,0,0,0,0.0,0.0,0.0,0.0,1,1,6,0.00,0.00,0.00,0.00,0.00,0.00,0.00,0.00,0.00,0.00,Matches,,,,,,,
Adam Wharton,eng ENG,MF,Crystal Palace,20-088,2004,2,2,163,1.8,0,0,0,0,0,0,0,0,0.1,0.1,0.3,0.4,1,14,1,0.00,0.00,0.00,0.00,0.00,0.06,0.16,0.22,0.06,0.22,Matches,,,,,,,
Ben White,eng ENG,DF,Arsenal,26-326,1997,2,2,180,2.0,0,0,0,0,0,0,0,0,0.1,0.1,0.0,0.1,1,14,6,0.00,0.00,0.00,0.00,0.00,0.03,0.00,0.03,0.03,0.03,Matches,,,,,,,
Mats Wieffer,nl NED,MF,Brighton,24-287,1999,1,1,90,1.0,0,1,1,0,0,0,0,0,0.0,0.0,0.1,0.1,0,3,0,0.00,1.00,1.00,0.00,1.00,0.00,0.07,0.07,0.00,0.07,Matches,,,,,,,
Neco Williams,wls WAL,DF,Nott'ham Forest,23-138,2001,2,2,180,2.0,0,0,0,0,0,0,1,0,0.3,0.3,0.2,0.5,4,3,8,0.00,0.00,0.00,0.00,0.00,0.16,0.10,0.26,0.16,0.26,Matches,,,,,,,
Joe Willock,eng ENG,MF,Newcastle Utd,25-009,1999,1,0,21,0.2,0,0,0,0,0,0,0,0,0.1,0.1,0.0,0.1,2,0,4,0.00,0.00,0.00,0.00,0.00,0.33,0.00,0.33,0.33,0.33,Matches,,,,,,,
Harry Wilson,wls WAL,FW,Fulham,27-160,1997,2,0,35,0.4,0,0,0,0,0,0,1,0,0.0,0.0,0.0,0.0,2,1,6,0.00,0.00,0.00,0.00,0.00,0.00,0.00,0.00,0.00,0.00,Matches,,,,,,,
Harry Winks,eng ENG,MF,Leicester City,28-209,1996,2,2,180,2.0,0,0,0,0,0,0,0,0,0.0,0.0,0.1,0.1,1,10,0,0.00,0.00,0.00,0.00,0.00,0.00,0.06,0.06,0.00,0.06,Matches,,,,,,,
Yoane Wissa,cd COD,FW,Brentford,27-361,1996,2,2,155,1.7,1,1,2,1,0,0,1,0,1.0,1.0,0.1,1.1,3,3,3,0.58,0.58,1.16,0.58,1.16,0.58,0.05,0.63,0.58,0.63,Matches,,,,,,,
Chris Wood,nz NZL,FW,Nott'ham Forest,32-266,1991,2,2,146,1.6,1,0,1,1,0,0,1,0,0.9,0.9,0.7,1.7,1,1,4,0.62,0.00,0.62,0.62,0.62,0.58,0.46,1.04,0.58,1.04,Matches,,,,,,,
Luke Woolfenden,eng ENG,DF,Ipswich Town,25-313,1998,2,2,180,2.0,0,0,0,0,0,0,1,0,0.0,0.0,0.0,0.0,0,3,0,0.00,0.00,0.00,0.00,0.00,0.00,0.00,0.00,0.00,0.00,Matches,,,,,,,
Ryan Yates,eng ENG,MF,Nott'ham Forest,26-282,1997,2,0,101,1.1,0,0,0,0,0,0,0,0,0.3,0.3,0.1,0.4,5,7,0,0.00,0.00,0.00,0.00,0.00,0.23,0.13,0.36,0.23,0.36,Matches,,,,,,,
Ashley Young,eng ENG,DF,Everton,39-051,1985,1,1,65,0.7,0,0,0,0,0,0,0,1,0.0,0.0,0.1,0.1,0,7,1,0.00,0.00,0.00,0.00,0.00,0.00,0.08,0.08,0.00,0.08,Matches,,,,,,,
Illia Zabarnyi,ua UKR,DF,Bournemouth,21-363,2002,2,2,180,2.0,0,0,0,0,0,0,0,0,0.0,0.0,0.0,0.0,1,5,0,0.00,0.00,0.00,0.00,0.00,0.00,0.00,0.00,0.00,0.00,Matches,,,,,,,
Oleksandr Zinchenko,ua UKR,DF,Arsenal,27-258,1996,1,1,68,0.8,0,0,0,0,0,0,0,0,0.0,0.0,0.0,0.0,1,6,2,0.00,0.00,0.00,0.00,0.00,0.00,0.00,0.00,0.00,0.00,Matches,,,,,,,
Joshua Zirkzee,nl NED,FW,Manchester Utd,23-099,2001,2,0,75,0.8,1,0,1,1,0,0,0,0,0.1,0.1,0.1,0.1,0,1,2,1.20,0.00,1.20,1.20,1.20,0.09,0.09,0.17,0.09,0.17,Matches,,,,,,,
Martin Ødegaard,no NOR,MF,Arsenal,25-256,1998,2,2,180,2.0,0,0,0,0,0,0,1,0,0.3,0.3,0.2,0.5,6,16,8,0.00,0.00,0.00,0.00,0.00,0.14,0.09,0.23,0.14,0.23,Matches,,,,,,,
